Type;Node;Parameter;Value;Person;Image_Path;Image_Type
bypass;PhotoMakerEncode;N/A;N/A;lady_gaga;C:\Users\tonir\TFG\outputs_refacer\bypass\PhotoMakerEncode\lady_gaga_retrato_00001_.png;generated
bypass;PhotoMakerEncode;N/A;N/A;mae_jeminson;C:\Users\tonir\TFG\outputs_refacer\bypass\PhotoMakerEncode\mae_jeminson_retrato_00001_.png;generated
bypass;PhotoMakerEncode;N/A;N/A;reina_elizabeth;C:\Users\tonir\TFG\outputs_refacer\bypass\PhotoMakerEncode\reina_elizabeth_retrato_00001_.png;generated
parameters;AutoCropFaces;scale_factor;0_5;dolly_parton;C:\Users\tonir\TFG\outputs_refacer\parameters\AutoCropFaces\scale_factor\0_5\dolly_parton_retrato_00001_.png;generated
parameters;AutoCropFaces;scale_factor;0_5;lady_gaga;C:\Users\tonir\TFG\outputs_refacer\parameters\AutoCropFaces\scale_factor\0_5\lady_gaga_retrato_00001_.png;generated
parameters;AutoCropFaces;scale_factor;0_5;maya_angelou;C:\Users\tonir\TFG\outputs_refacer\parameters\AutoCropFaces\scale_factor\0_5\maya_angelou_retrato_00001_.png;generated
parameters;AutoCropFaces;scale_factor;0_5;reina_elizabeth;C:\Users\tonir\TFG\outputs_refacer\parameters\AutoCropFaces\scale_factor\0_5\reina_elizabeth_retrato_00001_.png;generated
parameters;IPAdapterAdvanced;weight;-0_3;cristiano;C:\Users\tonir\TFG\outputs_refacer\parameters\IPAdapterAdvanced\weight\-0_3\cristiano_retrato_00001_.png;generated
parameters;IPAdapterAdvanced;weight;-0_4;agatha_christie;C:\Users\tonir\TFG\outputs_refacer\parameters\IPAdapterAdvanced\weight\-0_4\agatha_christie_retrato_00001_.png;generated
parameters;IPAdapterAdvanced;weight;-0_4;cristiano;C:\Users\tonir\TFG\outputs_refacer\parameters\IPAdapterAdvanced\weight\-0_4\cristiano_retrato_00001_.png;generated
parameters;IPAdapterAdvanced;weight;-0_4;dolly_parton;C:\Users\tonir\TFG\outputs_refacer\parameters\IPAdapterAdvanced\weight\-0_4\dolly_parton_retrato_00001_.png;generated
parameters;IPAdapterAdvanced;weight;-0_4;freddie_mercury;C:\Users\tonir\TFG\outputs_refacer\parameters\IPAdapterAdvanced\weight\-0_4\freddie_mercury_retrato_00001_.png;generated
parameters;IPAdapterAdvanced;weight;-0_4;grace_kelly;C:\Users\tonir\TFG\outputs_refacer\parameters\IPAdapterAdvanced\weight\-0_4\grace_kelly_retrato_00001_.png;generated
parameters;IPAdapterAdvanced;weight;-0_4;lady_gaga;C:\Users\tonir\TFG\outputs_refacer\parameters\IPAdapterAdvanced\weight\-0_4\lady_gaga_retrato_00001_.png;generated
parameters;IPAdapterAdvanced;weight;-0_4;lebron_james;C:\Users\tonir\TFG\outputs_refacer\parameters\IPAdapterAdvanced\weight\-0_4\lebron_james_retrato_00001_.png;generated
parameters;IPAdapterAdvanced;weight;-0_4;marilyn_monroe;C:\Users\tonir\TFG\outputs_refacer\parameters\IPAdapterAdvanced\weight\-0_4\marilyn_monroe_retrato_00001_.png;generated
parameters;IPAdapterAdvanced;weight;-0_4;messi;C:\Users\tonir\TFG\outputs_refacer\parameters\IPAdapterAdvanced\weight\-0_4\messi_retrato_00001_.png;generated
parameters;IPAdapterAdvanced;weight;-0_4;michelle_obama;C:\Users\tonir\TFG\outputs_refacer\parameters\IPAdapterAdvanced\weight\-0_4\michelle_obama_retrato_00001_.png;generated
parameters;IPAdapterAdvanced;weight;-0_4;reina_elizabeth;C:\Users\tonir\TFG\outputs_refacer\parameters\IPAdapterAdvanced\weight\-0_4\reina_elizabeth_retrato_00001_.png;generated
parameters;IPAdapterAdvanced;weight;-0_4;sylvester_stallone;C:\Users\tonir\TFG\outputs_refacer\parameters\IPAdapterAdvanced\weight\-0_4\sylvester_stallone_retrato_00001_.png;generated
parameters;IPAdapterAdvanced;weight;-0_5;agatha_christie;C:\Users\tonir\TFG\outputs_refacer\parameters\IPAdapterAdvanced\weight\-0_5\agatha_christie_retrato_00001_.png;generated
parameters;IPAdapterAdvanced;weight;-0_5;alan_turing;C:\Users\tonir\TFG\outputs_refacer\parameters\IPAdapterAdvanced\weight\-0_5\alan_turing_retrato_00001_.png;generated
parameters;IPAdapterAdvanced;weight;-0_5;albert_einstein;C:\Users\tonir\TFG\outputs_refacer\parameters\IPAdapterAdvanced\weight\-0_5\albert_einstein_retrato_00001_.png;generated
parameters;IPAdapterAdvanced;weight;-0_5;alexia_putellas;C:\Users\tonir\TFG\outputs_refacer\parameters\IPAdapterAdvanced\weight\-0_5\alexia_putellas_retrato_00001_.png;generated
parameters;IPAdapterAdvanced;weight;-0_5;charles_dickens;C:\Users\tonir\TFG\outputs_refacer\parameters\IPAdapterAdvanced\weight\-0_5\charles_dickens_retrato_00001_.png;generated
parameters;IPAdapterAdvanced;weight;-0_5;cristiano;C:\Users\tonir\TFG\outputs_refacer\parameters\IPAdapterAdvanced\weight\-0_5\cristiano_retrato_00001_.png;generated
parameters;IPAdapterAdvanced;weight;-0_5;dolly_parton;C:\Users\tonir\TFG\outputs_refacer\parameters\IPAdapterAdvanced\weight\-0_5\dolly_parton_retrato_00001_.png;generated
parameters;IPAdapterAdvanced;weight;-0_5;freddie_mercury;C:\Users\tonir\TFG\outputs_refacer\parameters\IPAdapterAdvanced\weight\-0_5\freddie_mercury_retrato_00001_.png;generated
parameters;IPAdapterAdvanced;weight;-0_5;grace_kelly;C:\Users\tonir\TFG\outputs_refacer\parameters\IPAdapterAdvanced\weight\-0_5\grace_kelly_retrato_00001_.png;generated
parameters;IPAdapterAdvanced;weight;-0_5;jackie_chan;C:\Users\tonir\TFG\outputs_refacer\parameters\IPAdapterAdvanced\weight\-0_5\jackie_chan_retrato_00001_.png;generated
parameters;IPAdapterAdvanced;weight;-0_5;jrr_tolkien;C:\Users\tonir\TFG\outputs_refacer\parameters\IPAdapterAdvanced\weight\-0_5\jrr_tolkien_retrato_00001_.png;generated
parameters;IPAdapterAdvanced;weight;-0_5;lady_gaga;C:\Users\tonir\TFG\outputs_refacer\parameters\IPAdapterAdvanced\weight\-0_5\lady_gaga_retrato_00001_.png;generated
parameters;IPAdapterAdvanced;weight;-0_5;lebron_james;C:\Users\tonir\TFG\outputs_refacer\parameters\IPAdapterAdvanced\weight\-0_5\lebron_james_retrato_00001_.png;generated
parameters;IPAdapterAdvanced;weight;-0_5;mae_jeminson;C:\Users\tonir\TFG\outputs_refacer\parameters\IPAdapterAdvanced\weight\-0_5\mae_jeminson_retrato_00001_.png;generated
parameters;IPAdapterAdvanced;weight;-0_5;maria_montessori;C:\Users\tonir\TFG\outputs_refacer\parameters\IPAdapterAdvanced\weight\-0_5\maria_montessori_retrato_00001_.png;generated
parameters;IPAdapterAdvanced;weight;-0_5;marie_curie;C:\Users\tonir\TFG\outputs_refacer\parameters\IPAdapterAdvanced\weight\-0_5\marie_curie_retrato_00001_.png;generated
parameters;IPAdapterAdvanced;weight;-0_5;marilyn_monroe;C:\Users\tonir\TFG\outputs_refacer\parameters\IPAdapterAdvanced\weight\-0_5\marilyn_monroe_retrato_00001_.png;generated
parameters;IPAdapterAdvanced;weight;-0_5;messi;C:\Users\tonir\TFG\outputs_refacer\parameters\IPAdapterAdvanced\weight\-0_5\messi_retrato_00001_.png;generated
parameters;IPAdapterAdvanced;weight;-0_5;michelle_obama;C:\Users\tonir\TFG\outputs_refacer\parameters\IPAdapterAdvanced\weight\-0_5\michelle_obama_retrato_00001_.png;generated
parameters;IPAdapterAdvanced;weight;-0_5;morgan_freeman;C:\Users\tonir\TFG\outputs_refacer\parameters\IPAdapterAdvanced\weight\-0_5\morgan_freeman_retrato_00001_.png;generated
parameters;IPAdapterAdvanced;weight;-0_5;mrbean;C:\Users\tonir\TFG\outputs_refacer\parameters\IPAdapterAdvanced\weight\-0_5\mrbean_retrato_00001_.png;generated
parameters;IPAdapterAdvanced;weight;-0_5;rafa_nadal;C:\Users\tonir\TFG\outputs_refacer\parameters\IPAdapterAdvanced\weight\-0_5\rafa_nadal_retrato_00001_.png;generated
parameters;IPAdapterAdvanced;weight;-0_5;reina_elizabeth;C:\Users\tonir\TFG\outputs_refacer\parameters\IPAdapterAdvanced\weight\-0_5\reina_elizabeth_retrato_00001_.png;generated
parameters;IPAdapterAdvanced;weight;-0_5;rey_felipe;C:\Users\tonir\TFG\outputs_refacer\parameters\IPAdapterAdvanced\weight\-0_5\rey_felipe_retrato_00001_.png;generated
parameters;IPAdapterAdvanced;weight;-0_5;sylvester_stallone;C:\Users\tonir\TFG\outputs_refacer\parameters\IPAdapterAdvanced\weight\-0_5\sylvester_stallone_retrato_00001_.png;generated
parameters;IPAdapterAdvanced;weight;-1_0;agatha_christie;C:\Users\tonir\TFG\outputs_refacer\parameters\IPAdapterAdvanced\weight\-1_0\agatha_christie_retrato_00001_.png;generated
parameters;IPAdapterAdvanced;weight;-1_0;alan_turing;C:\Users\tonir\TFG\outputs_refacer\parameters\IPAdapterAdvanced\weight\-1_0\alan_turing_retrato_00001_.png;generated
parameters;IPAdapterAdvanced;weight;-1_0;albert_einstein;C:\Users\tonir\TFG\outputs_refacer\parameters\IPAdapterAdvanced\weight\-1_0\albert_einstein_retrato_00001_.png;generated
parameters;IPAdapterAdvanced;weight;-1_0;alexia_putellas;C:\Users\tonir\TFG\outputs_refacer\parameters\IPAdapterAdvanced\weight\-1_0\alexia_putellas_retrato_00001_.png;generated
parameters;IPAdapterAdvanced;weight;-1_0;charles_dickens;C:\Users\tonir\TFG\outputs_refacer\parameters\IPAdapterAdvanced\weight\-1_0\charles_dickens_retrato_00001_.png;generated
parameters;IPAdapterAdvanced;weight;-1_0;cristiano;C:\Users\tonir\TFG\outputs_refacer\parameters\IPAdapterAdvanced\weight\-1_0\cristiano_retrato_00001_.png;generated
parameters;IPAdapterAdvanced;weight;-1_0;dolly_parton;C:\Users\tonir\TFG\outputs_refacer\parameters\IPAdapterAdvanced\weight\-1_0\dolly_parton_retrato_00001_.png;generated
parameters;IPAdapterAdvanced;weight;-1_0;freddie_mercury;C:\Users\tonir\TFG\outputs_refacer\parameters\IPAdapterAdvanced\weight\-1_0\freddie_mercury_retrato_00001_.png;generated
parameters;IPAdapterAdvanced;weight;-1_0;grace_kelly;C:\Users\tonir\TFG\outputs_refacer\parameters\IPAdapterAdvanced\weight\-1_0\grace_kelly_retrato_00001_.png;generated
parameters;IPAdapterAdvanced;weight;-1_0;jackie_chan;C:\Users\tonir\TFG\outputs_refacer\parameters\IPAdapterAdvanced\weight\-1_0\jackie_chan_retrato_00001_.png;generated
parameters;IPAdapterAdvanced;weight;-1_0;jane_goodall;C:\Users\tonir\TFG\outputs_refacer\parameters\IPAdapterAdvanced\weight\-1_0\jane_goodall_retrato_00001_.png;generated
parameters;IPAdapterAdvanced;weight;-1_0;jrr_tolkien;C:\Users\tonir\TFG\outputs_refacer\parameters\IPAdapterAdvanced\weight\-1_0\jrr_tolkien_retrato_00001_.png;generated
parameters;IPAdapterAdvanced;weight;-1_0;katherine_johnson;C:\Users\tonir\TFG\outputs_refacer\parameters\IPAdapterAdvanced\weight\-1_0\katherine_johnson_retrato_00001_.png;generated
parameters;IPAdapterAdvanced;weight;-1_0;lady_gaga;C:\Users\tonir\TFG\outputs_refacer\parameters\IPAdapterAdvanced\weight\-1_0\lady_gaga_retrato_00001_.png;generated
parameters;IPAdapterAdvanced;weight;-1_0;lebron_james;C:\Users\tonir\TFG\outputs_refacer\parameters\IPAdapterAdvanced\weight\-1_0\lebron_james_retrato_00001_.png;generated
parameters;IPAdapterAdvanced;weight;-1_0;mae_jeminson;C:\Users\tonir\TFG\outputs_refacer\parameters\IPAdapterAdvanced\weight\-1_0\mae_jeminson_retrato_00001_.png;generated
parameters;IPAdapterAdvanced;weight;-1_0;maria_montessori;C:\Users\tonir\TFG\outputs_refacer\parameters\IPAdapterAdvanced\weight\-1_0\maria_montessori_retrato_00001_.png;generated
parameters;IPAdapterAdvanced;weight;-1_0;marie_curie;C:\Users\tonir\TFG\outputs_refacer\parameters\IPAdapterAdvanced\weight\-1_0\marie_curie_retrato_00001_.png;generated
parameters;IPAdapterAdvanced;weight;-1_0;marilyn_monroe;C:\Users\tonir\TFG\outputs_refacer\parameters\IPAdapterAdvanced\weight\-1_0\marilyn_monroe_retrato_00001_.png;generated
parameters;IPAdapterAdvanced;weight;-1_0;maya_angelou;C:\Users\tonir\TFG\outputs_refacer\parameters\IPAdapterAdvanced\weight\-1_0\maya_angelou_retrato_00001_.png;generated
parameters;IPAdapterAdvanced;weight;-1_0;messi;C:\Users\tonir\TFG\outputs_refacer\parameters\IPAdapterAdvanced\weight\-1_0\messi_retrato_00001_.png;generated
parameters;IPAdapterAdvanced;weight;-1_0;michelle_obama;C:\Users\tonir\TFG\outputs_refacer\parameters\IPAdapterAdvanced\weight\-1_0\michelle_obama_retrato_00001_.png;generated
parameters;IPAdapterAdvanced;weight;-1_0;morgan_freeman;C:\Users\tonir\TFG\outputs_refacer\parameters\IPAdapterAdvanced\weight\-1_0\morgan_freeman_retrato_00001_.png;generated
parameters;IPAdapterAdvanced;weight;-1_0;mrbean;C:\Users\tonir\TFG\outputs_refacer\parameters\IPAdapterAdvanced\weight\-1_0\mrbean_retrato_00001_.png;generated
parameters;IPAdapterAdvanced;weight;-1_0;nikola_tesla;C:\Users\tonir\TFG\outputs_refacer\parameters\IPAdapterAdvanced\weight\-1_0\nikola_tesla_retrato_00001_.png;generated
parameters;IPAdapterAdvanced;weight;-1_0;rafa_nadal;C:\Users\tonir\TFG\outputs_refacer\parameters\IPAdapterAdvanced\weight\-1_0\rafa_nadal_retrato_00001_.png;generated
parameters;IPAdapterAdvanced;weight;-1_0;reina_elizabeth;C:\Users\tonir\TFG\outputs_refacer\parameters\IPAdapterAdvanced\weight\-1_0\reina_elizabeth_retrato_00001_.png;generated
parameters;IPAdapterAdvanced;weight;-1_0;rey_felipe;C:\Users\tonir\TFG\outputs_refacer\parameters\IPAdapterAdvanced\weight\-1_0\rey_felipe_retrato_00001_.png;generated
parameters;IPAdapterAdvanced;weight;-1_0;sylvester_stallone;C:\Users\tonir\TFG\outputs_refacer\parameters\IPAdapterAdvanced\weight\-1_0\sylvester_stallone_retrato_00001_.png;generated
parameters;IPAdapterAdvanced;weight;-1_0;yayoi_kusama;C:\Users\tonir\TFG\outputs_refacer\parameters\IPAdapterAdvanced\weight\-1_0\yayoi_kusama_retrato_00001_.png;generated
parameters;IPAdapterAdvanced;weight;1_5;grace_kelly;C:\Users\tonir\TFG\outputs_refacer\parameters\IPAdapterAdvanced\weight\1_5\grace_kelly_retrato_00001_.png;generated
parameters;IPAdapterAdvanced;weight;1_5;nikola_tesla;C:\Users\tonir\TFG\outputs_refacer\parameters\IPAdapterAdvanced\weight\1_5\nikola_tesla_retrato_00001_.png;generated
parameters;IPAdapterAdvanced;weight;2_0;agatha_christie;C:\Users\tonir\TFG\outputs_refacer\parameters\IPAdapterAdvanced\weight\2_0\agatha_christie_retrato_00001_.png;generated
parameters;IPAdapterAdvanced;weight;2_0;alexia_putellas;C:\Users\tonir\TFG\outputs_refacer\parameters\IPAdapterAdvanced\weight\2_0\alexia_putellas_retrato_00001_.png;generated
parameters;IPAdapterAdvanced;weight;2_0;cristiano;C:\Users\tonir\TFG\outputs_refacer\parameters\IPAdapterAdvanced\weight\2_0\cristiano_retrato_00001_.png;generated
parameters;IPAdapterAdvanced;weight;2_0;grace_kelly;C:\Users\tonir\TFG\outputs_refacer\parameters\IPAdapterAdvanced\weight\2_0\grace_kelly_retrato_00001_.png;generated
parameters;IPAdapterAdvanced;weight;2_0;jane_goodall;C:\Users\tonir\TFG\outputs_refacer\parameters\IPAdapterAdvanced\weight\2_0\jane_goodall_retrato_00001_.png;generated
parameters;IPAdapterAdvanced;weight;2_0;mae_jeminson;C:\Users\tonir\TFG\outputs_refacer\parameters\IPAdapterAdvanced\weight\2_0\mae_jeminson_retrato_00001_.png;generated
parameters;IPAdapterAdvanced;weight;2_0;maria_montessori;C:\Users\tonir\TFG\outputs_refacer\parameters\IPAdapterAdvanced\weight\2_0\maria_montessori_retrato_00001_.png;generated
parameters;IPAdapterAdvanced;weight;2_0;messi;C:\Users\tonir\TFG\outputs_refacer\parameters\IPAdapterAdvanced\weight\2_0\messi_retrato_00001_.png;generated
parameters;IPAdapterAdvanced;weight;2_0;michelle_obama;C:\Users\tonir\TFG\outputs_refacer\parameters\IPAdapterAdvanced\weight\2_0\michelle_obama_retrato_00001_.png;generated
parameters;IPAdapterAdvanced;weight;2_0;reina_elizabeth;C:\Users\tonir\TFG\outputs_refacer\parameters\IPAdapterAdvanced\weight\2_0\reina_elizabeth_retrato_00001_.png;generated
parameters;IPAdapterAdvanced;weight;2_5;agatha_christie;C:\Users\tonir\TFG\outputs_refacer\parameters\IPAdapterAdvanced\weight\2_5\agatha_christie_retrato_00001_.png;generated
parameters;IPAdapterAdvanced;weight;2_5;alan_turing;C:\Users\tonir\TFG\outputs_refacer\parameters\IPAdapterAdvanced\weight\2_5\alan_turing_retrato_00001_.png;generated
parameters;IPAdapterAdvanced;weight;2_5;albert_einstein;C:\Users\tonir\TFG\outputs_refacer\parameters\IPAdapterAdvanced\weight\2_5\albert_einstein_retrato_00001_.png;generated
parameters;IPAdapterAdvanced;weight;2_5;alexia_putellas;C:\Users\tonir\TFG\outputs_refacer\parameters\IPAdapterAdvanced\weight\2_5\alexia_putellas_retrato_00001_.png;generated
parameters;IPAdapterAdvanced;weight;2_5;charles_dickens;C:\Users\tonir\TFG\outputs_refacer\parameters\IPAdapterAdvanced\weight\2_5\charles_dickens_retrato_00001_.png;generated
parameters;IPAdapterAdvanced;weight;2_5;cristiano;C:\Users\tonir\TFG\outputs_refacer\parameters\IPAdapterAdvanced\weight\2_5\cristiano_retrato_00001_.png;generated
parameters;IPAdapterAdvanced;weight;2_5;dolly_parton;C:\Users\tonir\TFG\outputs_refacer\parameters\IPAdapterAdvanced\weight\2_5\dolly_parton_retrato_00001_.png;generated
parameters;IPAdapterAdvanced;weight;2_5;freddie_mercury;C:\Users\tonir\TFG\outputs_refacer\parameters\IPAdapterAdvanced\weight\2_5\freddie_mercury_retrato_00001_.png;generated
parameters;IPAdapterAdvanced;weight;2_5;grace_kelly;C:\Users\tonir\TFG\outputs_refacer\parameters\IPAdapterAdvanced\weight\2_5\grace_kelly_retrato_00001_.png;generated
parameters;IPAdapterAdvanced;weight;2_5;jackie_chan;C:\Users\tonir\TFG\outputs_refacer\parameters\IPAdapterAdvanced\weight\2_5\jackie_chan_retrato_00001_.png;generated
parameters;IPAdapterAdvanced;weight;2_5;jane_goodall;C:\Users\tonir\TFG\outputs_refacer\parameters\IPAdapterAdvanced\weight\2_5\jane_goodall_retrato_00001_.png;generated
parameters;IPAdapterAdvanced;weight;2_5;jrr_tolkien;C:\Users\tonir\TFG\outputs_refacer\parameters\IPAdapterAdvanced\weight\2_5\jrr_tolkien_retrato_00001_.png;generated
parameters;IPAdapterAdvanced;weight;2_5;katherine_johnson;C:\Users\tonir\TFG\outputs_refacer\parameters\IPAdapterAdvanced\weight\2_5\katherine_johnson_retrato_00001_.png;generated
parameters;IPAdapterAdvanced;weight;2_5;lebron_james;C:\Users\tonir\TFG\outputs_refacer\parameters\IPAdapterAdvanced\weight\2_5\lebron_james_retrato_00001_.png;generated
parameters;IPAdapterAdvanced;weight;2_5;mae_jeminson;C:\Users\tonir\TFG\outputs_refacer\parameters\IPAdapterAdvanced\weight\2_5\mae_jeminson_retrato_00001_.png;generated
parameters;IPAdapterAdvanced;weight;2_5;maria_montessori;C:\Users\tonir\TFG\outputs_refacer\parameters\IPAdapterAdvanced\weight\2_5\maria_montessori_retrato_00001_.png;generated
parameters;IPAdapterAdvanced;weight;2_5;marie_curie;C:\Users\tonir\TFG\outputs_refacer\parameters\IPAdapterAdvanced\weight\2_5\marie_curie_retrato_00001_.png;generated
parameters;IPAdapterAdvanced;weight;2_5;marilyn_monroe;C:\Users\tonir\TFG\outputs_refacer\parameters\IPAdapterAdvanced\weight\2_5\marilyn_monroe_retrato_00001_.png;generated
parameters;IPAdapterAdvanced;weight;2_5;maya_angelou;C:\Users\tonir\TFG\outputs_refacer\parameters\IPAdapterAdvanced\weight\2_5\maya_angelou_retrato_00001_.png;generated
parameters;IPAdapterAdvanced;weight;2_5;messi;C:\Users\tonir\TFG\outputs_refacer\parameters\IPAdapterAdvanced\weight\2_5\messi_retrato_00001_.png;generated
parameters;IPAdapterAdvanced;weight;2_5;michelle_obama;C:\Users\tonir\TFG\outputs_refacer\parameters\IPAdapterAdvanced\weight\2_5\michelle_obama_retrato_00001_.png;generated
parameters;IPAdapterAdvanced;weight;2_5;morgan_freeman;C:\Users\tonir\TFG\outputs_refacer\parameters\IPAdapterAdvanced\weight\2_5\morgan_freeman_retrato_00001_.png;generated
parameters;IPAdapterAdvanced;weight;2_5;mrbean;C:\Users\tonir\TFG\outputs_refacer\parameters\IPAdapterAdvanced\weight\2_5\mrbean_retrato_00001_.png;generated
parameters;IPAdapterAdvanced;weight;2_5;nikola_tesla;C:\Users\tonir\TFG\outputs_refacer\parameters\IPAdapterAdvanced\weight\2_5\nikola_tesla_retrato_00001_.png;generated
parameters;IPAdapterAdvanced;weight;2_5;rafa_nadal;C:\Users\tonir\TFG\outputs_refacer\parameters\IPAdapterAdvanced\weight\2_5\rafa_nadal_retrato_00001_.png;generated
parameters;IPAdapterAdvanced;weight;2_5;reina_elizabeth;C:\Users\tonir\TFG\outputs_refacer\parameters\IPAdapterAdvanced\weight\2_5\reina_elizabeth_retrato_00001_.png;generated
parameters;IPAdapterAdvanced;weight;2_5;rey_felipe;C:\Users\tonir\TFG\outputs_refacer\parameters\IPAdapterAdvanced\weight\2_5\rey_felipe_retrato_00001_.png;generated
parameters;IPAdapterAdvanced;weight;2_5;sylvester_stallone;C:\Users\tonir\TFG\outputs_refacer\parameters\IPAdapterAdvanced\weight\2_5\sylvester_stallone_retrato_00001_.png;generated
parameters;IPAdapterAdvanced;weight;2_5;yayoi_kusama;C:\Users\tonir\TFG\outputs_refacer\parameters\IPAdapterAdvanced\weight\2_5\yayoi_kusama_retrato_00001_.png;generated
parameters;IPAdapterAdvanced;weight;3_0;agatha_christie;C:\Users\tonir\TFG\outputs_refacer\parameters\IPAdapterAdvanced\weight\3_0\agatha_christie_retrato_00001_.png;generated
parameters;IPAdapterAdvanced;weight;3_0;alan_turing;C:\Users\tonir\TFG\outputs_refacer\parameters\IPAdapterAdvanced\weight\3_0\alan_turing_retrato_00001_.png;generated
parameters;IPAdapterAdvanced;weight;3_0;albert_einstein;C:\Users\tonir\TFG\outputs_refacer\parameters\IPAdapterAdvanced\weight\3_0\albert_einstein_retrato_00001_.png;generated
parameters;IPAdapterAdvanced;weight;3_0;alexia_putellas;C:\Users\tonir\TFG\outputs_refacer\parameters\IPAdapterAdvanced\weight\3_0\alexia_putellas_retrato_00001_.png;generated
parameters;IPAdapterAdvanced;weight;3_0;charles_dickens;C:\Users\tonir\TFG\outputs_refacer\parameters\IPAdapterAdvanced\weight\3_0\charles_dickens_retrato_00001_.png;generated
parameters;IPAdapterAdvanced;weight;3_0;cristiano;C:\Users\tonir\TFG\outputs_refacer\parameters\IPAdapterAdvanced\weight\3_0\cristiano_retrato_00001_.png;generated
parameters;IPAdapterAdvanced;weight;3_0;dolly_parton;C:\Users\tonir\TFG\outputs_refacer\parameters\IPAdapterAdvanced\weight\3_0\dolly_parton_retrato_00001_.png;generated
parameters;IPAdapterAdvanced;weight;3_0;freddie_mercury;C:\Users\tonir\TFG\outputs_refacer\parameters\IPAdapterAdvanced\weight\3_0\freddie_mercury_retrato_00001_.png;generated
parameters;IPAdapterAdvanced;weight;3_0;grace_kelly;C:\Users\tonir\TFG\outputs_refacer\parameters\IPAdapterAdvanced\weight\3_0\grace_kelly_retrato_00001_.png;generated
parameters;IPAdapterAdvanced;weight;3_0;jackie_chan;C:\Users\tonir\TFG\outputs_refacer\parameters\IPAdapterAdvanced\weight\3_0\jackie_chan_retrato_00001_.png;generated
parameters;IPAdapterAdvanced;weight;3_0;jane_goodall;C:\Users\tonir\TFG\outputs_refacer\parameters\IPAdapterAdvanced\weight\3_0\jane_goodall_retrato_00001_.png;generated
parameters;IPAdapterAdvanced;weight;3_0;jrr_tolkien;C:\Users\tonir\TFG\outputs_refacer\parameters\IPAdapterAdvanced\weight\3_0\jrr_tolkien_retrato_00001_.png;generated
parameters;IPAdapterAdvanced;weight;3_0;katherine_johnson;C:\Users\tonir\TFG\outputs_refacer\parameters\IPAdapterAdvanced\weight\3_0\katherine_johnson_retrato_00001_.png;generated
parameters;IPAdapterAdvanced;weight;3_0;lebron_james;C:\Users\tonir\TFG\outputs_refacer\parameters\IPAdapterAdvanced\weight\3_0\lebron_james_retrato_00001_.png;generated
parameters;IPAdapterAdvanced;weight;3_0;mae_jeminson;C:\Users\tonir\TFG\outputs_refacer\parameters\IPAdapterAdvanced\weight\3_0\mae_jeminson_retrato_00001_.png;generated
parameters;IPAdapterAdvanced;weight;3_0;maria_montessori;C:\Users\tonir\TFG\outputs_refacer\parameters\IPAdapterAdvanced\weight\3_0\maria_montessori_retrato_00001_.png;generated
parameters;IPAdapterAdvanced;weight;3_0;marie_curie;C:\Users\tonir\TFG\outputs_refacer\parameters\IPAdapterAdvanced\weight\3_0\marie_curie_retrato_00001_.png;generated
parameters;IPAdapterAdvanced;weight;3_0;marilyn_monroe;C:\Users\tonir\TFG\outputs_refacer\parameters\IPAdapterAdvanced\weight\3_0\marilyn_monroe_retrato_00001_.png;generated
parameters;IPAdapterAdvanced;weight;3_0;maya_angelou;C:\Users\tonir\TFG\outputs_refacer\parameters\IPAdapterAdvanced\weight\3_0\maya_angelou_retrato_00001_.png;generated
parameters;IPAdapterAdvanced;weight;3_0;messi;C:\Users\tonir\TFG\outputs_refacer\parameters\IPAdapterAdvanced\weight\3_0\messi_retrato_00001_.png;generated
parameters;IPAdapterAdvanced;weight;3_0;michelle_obama;C:\Users\tonir\TFG\outputs_refacer\parameters\IPAdapterAdvanced\weight\3_0\michelle_obama_retrato_00001_.png;generated
parameters;IPAdapterAdvanced;weight;3_0;morgan_freeman;C:\Users\tonir\TFG\outputs_refacer\parameters\IPAdapterAdvanced\weight\3_0\morgan_freeman_retrato_00001_.png;generated
parameters;IPAdapterAdvanced;weight;3_0;mrbean;C:\Users\tonir\TFG\outputs_refacer\parameters\IPAdapterAdvanced\weight\3_0\mrbean_retrato_00001_.png;generated
parameters;IPAdapterAdvanced;weight;3_0;nikola_tesla;C:\Users\tonir\TFG\outputs_refacer\parameters\IPAdapterAdvanced\weight\3_0\nikola_tesla_retrato_00001_.png;generated
parameters;IPAdapterAdvanced;weight;3_0;rafa_nadal;C:\Users\tonir\TFG\outputs_refacer\parameters\IPAdapterAdvanced\weight\3_0\rafa_nadal_retrato_00001_.png;generated
parameters;IPAdapterAdvanced;weight;3_0;reina_elizabeth;C:\Users\tonir\TFG\outputs_refacer\parameters\IPAdapterAdvanced\weight\3_0\reina_elizabeth_retrato_00001_.png;generated
parameters;IPAdapterAdvanced;weight;3_0;rey_felipe;C:\Users\tonir\TFG\outputs_refacer\parameters\IPAdapterAdvanced\weight\3_0\rey_felipe_retrato_00001_.png;generated
parameters;IPAdapterAdvanced;weight;3_0;sylvester_stallone;C:\Users\tonir\TFG\outputs_refacer\parameters\IPAdapterAdvanced\weight\3_0\sylvester_stallone_retrato_00001_.png;generated
parameters;IPAdapterAdvanced;weight;3_0;yayoi_kusama;C:\Users\tonir\TFG\outputs_refacer\parameters\IPAdapterAdvanced\weight\3_0\yayoi_kusama_retrato_00001_.png;generated
parameters;IPAdapterAdvanced;weight;3_5;agatha_christie;C:\Users\tonir\TFG\outputs_refacer\parameters\IPAdapterAdvanced\weight\3_5\agatha_christie_retrato_00001_.png;generated
parameters;IPAdapterAdvanced;weight;3_5;alan_turing;C:\Users\tonir\TFG\outputs_refacer\parameters\IPAdapterAdvanced\weight\3_5\alan_turing_retrato_00001_.png;generated
parameters;IPAdapterAdvanced;weight;3_5;albert_einstein;C:\Users\tonir\TFG\outputs_refacer\parameters\IPAdapterAdvanced\weight\3_5\albert_einstein_retrato_00001_.png;generated
parameters;IPAdapterAdvanced;weight;3_5;alexia_putellas;C:\Users\tonir\TFG\outputs_refacer\parameters\IPAdapterAdvanced\weight\3_5\alexia_putellas_retrato_00001_.png;generated
parameters;IPAdapterAdvanced;weight;3_5;charles_dickens;C:\Users\tonir\TFG\outputs_refacer\parameters\IPAdapterAdvanced\weight\3_5\charles_dickens_retrato_00001_.png;generated
parameters;IPAdapterAdvanced;weight;3_5;cristiano;C:\Users\tonir\TFG\outputs_refacer\parameters\IPAdapterAdvanced\weight\3_5\cristiano_retrato_00001_.png;generated
parameters;IPAdapterAdvanced;weight;3_5;dolly_parton;C:\Users\tonir\TFG\outputs_refacer\parameters\IPAdapterAdvanced\weight\3_5\dolly_parton_retrato_00001_.png;generated
parameters;IPAdapterAdvanced;weight;3_5;freddie_mercury;C:\Users\tonir\TFG\outputs_refacer\parameters\IPAdapterAdvanced\weight\3_5\freddie_mercury_retrato_00001_.png;generated
parameters;IPAdapterAdvanced;weight;3_5;grace_kelly;C:\Users\tonir\TFG\outputs_refacer\parameters\IPAdapterAdvanced\weight\3_5\grace_kelly_retrato_00001_.png;generated
parameters;IPAdapterAdvanced;weight;3_5;jackie_chan;C:\Users\tonir\TFG\outputs_refacer\parameters\IPAdapterAdvanced\weight\3_5\jackie_chan_retrato_00001_.png;generated
parameters;IPAdapterAdvanced;weight;3_5;jane_goodall;C:\Users\tonir\TFG\outputs_refacer\parameters\IPAdapterAdvanced\weight\3_5\jane_goodall_retrato_00001_.png;generated
parameters;IPAdapterAdvanced;weight;3_5;jrr_tolkien;C:\Users\tonir\TFG\outputs_refacer\parameters\IPAdapterAdvanced\weight\3_5\jrr_tolkien_retrato_00001_.png;generated
parameters;IPAdapterAdvanced;weight;3_5;katherine_johnson;C:\Users\tonir\TFG\outputs_refacer\parameters\IPAdapterAdvanced\weight\3_5\katherine_johnson_retrato_00001_.png;generated
parameters;IPAdapterAdvanced;weight;3_5;lady_gaga;C:\Users\tonir\TFG\outputs_refacer\parameters\IPAdapterAdvanced\weight\3_5\lady_gaga_retrato_00001_.png;generated
parameters;IPAdapterAdvanced;weight;3_5;lebron_james;C:\Users\tonir\TFG\outputs_refacer\parameters\IPAdapterAdvanced\weight\3_5\lebron_james_retrato_00001_.png;generated
parameters;IPAdapterAdvanced;weight;3_5;mae_jeminson;C:\Users\tonir\TFG\outputs_refacer\parameters\IPAdapterAdvanced\weight\3_5\mae_jeminson_retrato_00001_.png;generated
parameters;IPAdapterAdvanced;weight;3_5;maria_montessori;C:\Users\tonir\TFG\outputs_refacer\parameters\IPAdapterAdvanced\weight\3_5\maria_montessori_retrato_00001_.png;generated
parameters;IPAdapterAdvanced;weight;3_5;marie_curie;C:\Users\tonir\TFG\outputs_refacer\parameters\IPAdapterAdvanced\weight\3_5\marie_curie_retrato_00001_.png;generated
parameters;IPAdapterAdvanced;weight;3_5;marilyn_monroe;C:\Users\tonir\TFG\outputs_refacer\parameters\IPAdapterAdvanced\weight\3_5\marilyn_monroe_retrato_00001_.png;generated
parameters;IPAdapterAdvanced;weight;3_5;maya_angelou;C:\Users\tonir\TFG\outputs_refacer\parameters\IPAdapterAdvanced\weight\3_5\maya_angelou_retrato_00001_.png;generated
parameters;IPAdapterAdvanced;weight;3_5;messi;C:\Users\tonir\TFG\outputs_refacer\parameters\IPAdapterAdvanced\weight\3_5\messi_retrato_00001_.png;generated
parameters;IPAdapterAdvanced;weight;3_5;michelle_obama;C:\Users\tonir\TFG\outputs_refacer\parameters\IPAdapterAdvanced\weight\3_5\michelle_obama_retrato_00001_.png;generated
parameters;IPAdapterAdvanced;weight;3_5;morgan_freeman;C:\Users\tonir\TFG\outputs_refacer\parameters\IPAdapterAdvanced\weight\3_5\morgan_freeman_retrato_00001_.png;generated
parameters;IPAdapterAdvanced;weight;3_5;mrbean;C:\Users\tonir\TFG\outputs_refacer\parameters\IPAdapterAdvanced\weight\3_5\mrbean_retrato_00001_.png;generated
parameters;IPAdapterAdvanced;weight;3_5;nikola_tesla;C:\Users\tonir\TFG\outputs_refacer\parameters\IPAdapterAdvanced\weight\3_5\nikola_tesla_retrato_00001_.png;generated
parameters;IPAdapterAdvanced;weight;3_5;rafa_nadal;C:\Users\tonir\TFG\outputs_refacer\parameters\IPAdapterAdvanced\weight\3_5\rafa_nadal_retrato_00001_.png;generated
parameters;IPAdapterAdvanced;weight;3_5;reina_elizabeth;C:\Users\tonir\TFG\outputs_refacer\parameters\IPAdapterAdvanced\weight\3_5\reina_elizabeth_retrato_00001_.png;generated
parameters;IPAdapterAdvanced;weight;3_5;rey_felipe;C:\Users\tonir\TFG\outputs_refacer\parameters\IPAdapterAdvanced\weight\3_5\rey_felipe_retrato_00001_.png;generated
parameters;IPAdapterAdvanced;weight;3_5;sylvester_stallone;C:\Users\tonir\TFG\outputs_refacer\parameters\IPAdapterAdvanced\weight\3_5\sylvester_stallone_retrato_00001_.png;generated
parameters;IPAdapterAdvanced;weight;3_5;yayoi_kusama;C:\Users\tonir\TFG\outputs_refacer\parameters\IPAdapterAdvanced\weight\3_5\yayoi_kusama_retrato_00001_.png;generated
parameters;IPAdapterAdvanced;weight;4_0;agatha_christie;C:\Users\tonir\TFG\outputs_refacer\parameters\IPAdapterAdvanced\weight\4_0\agatha_christie_retrato_00001_.png;generated
parameters;IPAdapterAdvanced;weight;4_0;alan_turing;C:\Users\tonir\TFG\outputs_refacer\parameters\IPAdapterAdvanced\weight\4_0\alan_turing_retrato_00001_.png;generated
parameters;IPAdapterAdvanced;weight;4_0;albert_einstein;C:\Users\tonir\TFG\outputs_refacer\parameters\IPAdapterAdvanced\weight\4_0\albert_einstein_retrato_00001_.png;generated
parameters;IPAdapterAdvanced;weight;4_0;alexia_putellas;C:\Users\tonir\TFG\outputs_refacer\parameters\IPAdapterAdvanced\weight\4_0\alexia_putellas_retrato_00001_.png;generated
parameters;IPAdapterAdvanced;weight;4_0;charles_dickens;C:\Users\tonir\TFG\outputs_refacer\parameters\IPAdapterAdvanced\weight\4_0\charles_dickens_retrato_00001_.png;generated
parameters;IPAdapterAdvanced;weight;4_0;cristiano;C:\Users\tonir\TFG\outputs_refacer\parameters\IPAdapterAdvanced\weight\4_0\cristiano_retrato_00001_.png;generated
parameters;IPAdapterAdvanced;weight;4_0;dolly_parton;C:\Users\tonir\TFG\outputs_refacer\parameters\IPAdapterAdvanced\weight\4_0\dolly_parton_retrato_00001_.png;generated
parameters;IPAdapterAdvanced;weight;4_0;freddie_mercury;C:\Users\tonir\TFG\outputs_refacer\parameters\IPAdapterAdvanced\weight\4_0\freddie_mercury_retrato_00001_.png;generated
parameters;IPAdapterAdvanced;weight;4_0;grace_kelly;C:\Users\tonir\TFG\outputs_refacer\parameters\IPAdapterAdvanced\weight\4_0\grace_kelly_retrato_00001_.png;generated
parameters;IPAdapterAdvanced;weight;4_0;jackie_chan;C:\Users\tonir\TFG\outputs_refacer\parameters\IPAdapterAdvanced\weight\4_0\jackie_chan_retrato_00001_.png;generated
parameters;IPAdapterAdvanced;weight;4_0;jane_goodall;C:\Users\tonir\TFG\outputs_refacer\parameters\IPAdapterAdvanced\weight\4_0\jane_goodall_retrato_00001_.png;generated
parameters;IPAdapterAdvanced;weight;4_0;jrr_tolkien;C:\Users\tonir\TFG\outputs_refacer\parameters\IPAdapterAdvanced\weight\4_0\jrr_tolkien_retrato_00001_.png;generated
parameters;IPAdapterAdvanced;weight;4_0;katherine_johnson;C:\Users\tonir\TFG\outputs_refacer\parameters\IPAdapterAdvanced\weight\4_0\katherine_johnson_retrato_00001_.png;generated
parameters;IPAdapterAdvanced;weight;4_0;lady_gaga;C:\Users\tonir\TFG\outputs_refacer\parameters\IPAdapterAdvanced\weight\4_0\lady_gaga_retrato_00001_.png;generated
parameters;IPAdapterAdvanced;weight;4_0;lebron_james;C:\Users\tonir\TFG\outputs_refacer\parameters\IPAdapterAdvanced\weight\4_0\lebron_james_retrato_00001_.png;generated
parameters;IPAdapterAdvanced;weight;4_0;mae_jeminson;C:\Users\tonir\TFG\outputs_refacer\parameters\IPAdapterAdvanced\weight\4_0\mae_jeminson_retrato_00001_.png;generated
parameters;IPAdapterAdvanced;weight;4_0;maria_montessori;C:\Users\tonir\TFG\outputs_refacer\parameters\IPAdapterAdvanced\weight\4_0\maria_montessori_retrato_00001_.png;generated
parameters;IPAdapterAdvanced;weight;4_0;marie_curie;C:\Users\tonir\TFG\outputs_refacer\parameters\IPAdapterAdvanced\weight\4_0\marie_curie_retrato_00001_.png;generated
parameters;IPAdapterAdvanced;weight;4_0;marilyn_monroe;C:\Users\tonir\TFG\outputs_refacer\parameters\IPAdapterAdvanced\weight\4_0\marilyn_monroe_retrato_00001_.png;generated
parameters;IPAdapterAdvanced;weight;4_0;maya_angelou;C:\Users\tonir\TFG\outputs_refacer\parameters\IPAdapterAdvanced\weight\4_0\maya_angelou_retrato_00001_.png;generated
parameters;IPAdapterAdvanced;weight;4_0;messi;C:\Users\tonir\TFG\outputs_refacer\parameters\IPAdapterAdvanced\weight\4_0\messi_retrato_00001_.png;generated
parameters;IPAdapterAdvanced;weight;4_0;michelle_obama;C:\Users\tonir\TFG\outputs_refacer\parameters\IPAdapterAdvanced\weight\4_0\michelle_obama_retrato_00001_.png;generated
parameters;IPAdapterAdvanced;weight;4_0;morgan_freeman;C:\Users\tonir\TFG\outputs_refacer\parameters\IPAdapterAdvanced\weight\4_0\morgan_freeman_retrato_00001_.png;generated
parameters;IPAdapterAdvanced;weight;4_0;mrbean;C:\Users\tonir\TFG\outputs_refacer\parameters\IPAdapterAdvanced\weight\4_0\mrbean_retrato_00001_.png;generated
parameters;IPAdapterAdvanced;weight;4_0;nikola_tesla;C:\Users\tonir\TFG\outputs_refacer\parameters\IPAdapterAdvanced\weight\4_0\nikola_tesla_retrato_00001_.png;generated
parameters;IPAdapterAdvanced;weight;4_0;rafa_nadal;C:\Users\tonir\TFG\outputs_refacer\parameters\IPAdapterAdvanced\weight\4_0\rafa_nadal_retrato_00001_.png;generated
parameters;IPAdapterAdvanced;weight;4_0;reina_elizabeth;C:\Users\tonir\TFG\outputs_refacer\parameters\IPAdapterAdvanced\weight\4_0\reina_elizabeth_retrato_00001_.png;generated
parameters;IPAdapterAdvanced;weight;4_0;rey_felipe;C:\Users\tonir\TFG\outputs_refacer\parameters\IPAdapterAdvanced\weight\4_0\rey_felipe_retrato_00001_.png;generated
parameters;IPAdapterAdvanced;weight;4_0;sylvester_stallone;C:\Users\tonir\TFG\outputs_refacer\parameters\IPAdapterAdvanced\weight\4_0\sylvester_stallone_retrato_00001_.png;generated
parameters;IPAdapterAdvanced;weight;4_0;yayoi_kusama;C:\Users\tonir\TFG\outputs_refacer\parameters\IPAdapterAdvanced\weight\4_0\yayoi_kusama_retrato_00001_.png;generated
parameters;IPAdapterAdvanced;weight;4_5;agatha_christie;C:\Users\tonir\TFG\outputs_refacer\parameters\IPAdapterAdvanced\weight\4_5\agatha_christie_retrato_00001_.png;generated
parameters;IPAdapterAdvanced;weight;4_5;alan_turing;C:\Users\tonir\TFG\outputs_refacer\parameters\IPAdapterAdvanced\weight\4_5\alan_turing_retrato_00001_.png;generated
parameters;IPAdapterAdvanced;weight;4_5;albert_einstein;C:\Users\tonir\TFG\outputs_refacer\parameters\IPAdapterAdvanced\weight\4_5\albert_einstein_retrato_00001_.png;generated
parameters;IPAdapterAdvanced;weight;4_5;alexia_putellas;C:\Users\tonir\TFG\outputs_refacer\parameters\IPAdapterAdvanced\weight\4_5\alexia_putellas_retrato_00001_.png;generated
parameters;IPAdapterAdvanced;weight;4_5;charles_dickens;C:\Users\tonir\TFG\outputs_refacer\parameters\IPAdapterAdvanced\weight\4_5\charles_dickens_retrato_00001_.png;generated
parameters;IPAdapterAdvanced;weight;4_5;cristiano;C:\Users\tonir\TFG\outputs_refacer\parameters\IPAdapterAdvanced\weight\4_5\cristiano_retrato_00001_.png;generated
parameters;IPAdapterAdvanced;weight;4_5;dolly_parton;C:\Users\tonir\TFG\outputs_refacer\parameters\IPAdapterAdvanced\weight\4_5\dolly_parton_retrato_00001_.png;generated
parameters;IPAdapterAdvanced;weight;4_5;freddie_mercury;C:\Users\tonir\TFG\outputs_refacer\parameters\IPAdapterAdvanced\weight\4_5\freddie_mercury_retrato_00001_.png;generated
parameters;IPAdapterAdvanced;weight;4_5;grace_kelly;C:\Users\tonir\TFG\outputs_refacer\parameters\IPAdapterAdvanced\weight\4_5\grace_kelly_retrato_00001_.png;generated
parameters;IPAdapterAdvanced;weight;4_5;jackie_chan;C:\Users\tonir\TFG\outputs_refacer\parameters\IPAdapterAdvanced\weight\4_5\jackie_chan_retrato_00001_.png;generated
parameters;IPAdapterAdvanced;weight;4_5;jane_goodall;C:\Users\tonir\TFG\outputs_refacer\parameters\IPAdapterAdvanced\weight\4_5\jane_goodall_retrato_00001_.png;generated
parameters;IPAdapterAdvanced;weight;4_5;jrr_tolkien;C:\Users\tonir\TFG\outputs_refacer\parameters\IPAdapterAdvanced\weight\4_5\jrr_tolkien_retrato_00001_.png;generated
parameters;IPAdapterAdvanced;weight;4_5;katherine_johnson;C:\Users\tonir\TFG\outputs_refacer\parameters\IPAdapterAdvanced\weight\4_5\katherine_johnson_retrato_00001_.png;generated
parameters;IPAdapterAdvanced;weight;4_5;lady_gaga;C:\Users\tonir\TFG\outputs_refacer\parameters\IPAdapterAdvanced\weight\4_5\lady_gaga_retrato_00001_.png;generated
parameters;IPAdapterAdvanced;weight;4_5;lebron_james;C:\Users\tonir\TFG\outputs_refacer\parameters\IPAdapterAdvanced\weight\4_5\lebron_james_retrato_00001_.png;generated
parameters;IPAdapterAdvanced;weight;4_5;mae_jeminson;C:\Users\tonir\TFG\outputs_refacer\parameters\IPAdapterAdvanced\weight\4_5\mae_jeminson_retrato_00001_.png;generated
parameters;IPAdapterAdvanced;weight;4_5;maria_montessori;C:\Users\tonir\TFG\outputs_refacer\parameters\IPAdapterAdvanced\weight\4_5\maria_montessori_retrato_00001_.png;generated
parameters;IPAdapterAdvanced;weight;4_5;marie_curie;C:\Users\tonir\TFG\outputs_refacer\parameters\IPAdapterAdvanced\weight\4_5\marie_curie_retrato_00001_.png;generated
parameters;IPAdapterAdvanced;weight;4_5;marilyn_monroe;C:\Users\tonir\TFG\outputs_refacer\parameters\IPAdapterAdvanced\weight\4_5\marilyn_monroe_retrato_00001_.png;generated
parameters;IPAdapterAdvanced;weight;4_5;maya_angelou;C:\Users\tonir\TFG\outputs_refacer\parameters\IPAdapterAdvanced\weight\4_5\maya_angelou_retrato_00001_.png;generated
parameters;IPAdapterAdvanced;weight;4_5;messi;C:\Users\tonir\TFG\outputs_refacer\parameters\IPAdapterAdvanced\weight\4_5\messi_retrato_00001_.png;generated
parameters;IPAdapterAdvanced;weight;4_5;michelle_obama;C:\Users\tonir\TFG\outputs_refacer\parameters\IPAdapterAdvanced\weight\4_5\michelle_obama_retrato_00001_.png;generated
parameters;IPAdapterAdvanced;weight;4_5;morgan_freeman;C:\Users\tonir\TFG\outputs_refacer\parameters\IPAdapterAdvanced\weight\4_5\morgan_freeman_retrato_00001_.png;generated
parameters;IPAdapterAdvanced;weight;4_5;mrbean;C:\Users\tonir\TFG\outputs_refacer\parameters\IPAdapterAdvanced\weight\4_5\mrbean_retrato_00001_.png;generated
parameters;IPAdapterAdvanced;weight;4_5;nikola_tesla;C:\Users\tonir\TFG\outputs_refacer\parameters\IPAdapterAdvanced\weight\4_5\nikola_tesla_retrato_00001_.png;generated
parameters;IPAdapterAdvanced;weight;4_5;rafa_nadal;C:\Users\tonir\TFG\outputs_refacer\parameters\IPAdapterAdvanced\weight\4_5\rafa_nadal_retrato_00001_.png;generated
parameters;IPAdapterAdvanced;weight;4_5;reina_elizabeth;C:\Users\tonir\TFG\outputs_refacer\parameters\IPAdapterAdvanced\weight\4_5\reina_elizabeth_retrato_00001_.png;generated
parameters;IPAdapterAdvanced;weight;4_5;rey_felipe;C:\Users\tonir\TFG\outputs_refacer\parameters\IPAdapterAdvanced\weight\4_5\rey_felipe_retrato_00001_.png;generated
parameters;IPAdapterAdvanced;weight;4_5;sylvester_stallone;C:\Users\tonir\TFG\outputs_refacer\parameters\IPAdapterAdvanced\weight\4_5\sylvester_stallone_retrato_00001_.png;generated
parameters;IPAdapterAdvanced;weight;4_5;yayoi_kusama;C:\Users\tonir\TFG\outputs_refacer\parameters\IPAdapterAdvanced\weight\4_5\yayoi_kusama_retrato_00001_.png;generated
parameters;IPAdapterAdvanced;weight;5_0;agatha_christie;C:\Users\tonir\TFG\outputs_refacer\parameters\IPAdapterAdvanced\weight\5_0\agatha_christie_retrato_00001_.png;generated
parameters;IPAdapterAdvanced;weight;5_0;alan_turing;C:\Users\tonir\TFG\outputs_refacer\parameters\IPAdapterAdvanced\weight\5_0\alan_turing_retrato_00001_.png;generated
parameters;IPAdapterAdvanced;weight;5_0;albert_einstein;C:\Users\tonir\TFG\outputs_refacer\parameters\IPAdapterAdvanced\weight\5_0\albert_einstein_retrato_00001_.png;generated
parameters;IPAdapterAdvanced;weight;5_0;alexia_putellas;C:\Users\tonir\TFG\outputs_refacer\parameters\IPAdapterAdvanced\weight\5_0\alexia_putellas_retrato_00001_.png;generated
parameters;IPAdapterAdvanced;weight;5_0;charles_dickens;C:\Users\tonir\TFG\outputs_refacer\parameters\IPAdapterAdvanced\weight\5_0\charles_dickens_retrato_00001_.png;generated
parameters;IPAdapterAdvanced;weight;5_0;cristiano;C:\Users\tonir\TFG\outputs_refacer\parameters\IPAdapterAdvanced\weight\5_0\cristiano_retrato_00001_.png;generated
parameters;IPAdapterAdvanced;weight;5_0;dolly_parton;C:\Users\tonir\TFG\outputs_refacer\parameters\IPAdapterAdvanced\weight\5_0\dolly_parton_retrato_00001_.png;generated
parameters;IPAdapterAdvanced;weight;5_0;freddie_mercury;C:\Users\tonir\TFG\outputs_refacer\parameters\IPAdapterAdvanced\weight\5_0\freddie_mercury_retrato_00001_.png;generated
parameters;IPAdapterAdvanced;weight;5_0;grace_kelly;C:\Users\tonir\TFG\outputs_refacer\parameters\IPAdapterAdvanced\weight\5_0\grace_kelly_retrato_00001_.png;generated
parameters;IPAdapterAdvanced;weight;5_0;jackie_chan;C:\Users\tonir\TFG\outputs_refacer\parameters\IPAdapterAdvanced\weight\5_0\jackie_chan_retrato_00001_.png;generated
parameters;IPAdapterAdvanced;weight;5_0;jane_goodall;C:\Users\tonir\TFG\outputs_refacer\parameters\IPAdapterAdvanced\weight\5_0\jane_goodall_retrato_00001_.png;generated
parameters;IPAdapterAdvanced;weight;5_0;jrr_tolkien;C:\Users\tonir\TFG\outputs_refacer\parameters\IPAdapterAdvanced\weight\5_0\jrr_tolkien_retrato_00001_.png;generated
parameters;IPAdapterAdvanced;weight;5_0;katherine_johnson;C:\Users\tonir\TFG\outputs_refacer\parameters\IPAdapterAdvanced\weight\5_0\katherine_johnson_retrato_00001_.png;generated
parameters;IPAdapterAdvanced;weight;5_0;lady_gaga;C:\Users\tonir\TFG\outputs_refacer\parameters\IPAdapterAdvanced\weight\5_0\lady_gaga_retrato_00001_.png;generated
parameters;IPAdapterAdvanced;weight;5_0;lebron_james;C:\Users\tonir\TFG\outputs_refacer\parameters\IPAdapterAdvanced\weight\5_0\lebron_james_retrato_00001_.png;generated
parameters;IPAdapterAdvanced;weight;5_0;mae_jeminson;C:\Users\tonir\TFG\outputs_refacer\parameters\IPAdapterAdvanced\weight\5_0\mae_jeminson_retrato_00001_.png;generated
parameters;IPAdapterAdvanced;weight;5_0;maria_montessori;C:\Users\tonir\TFG\outputs_refacer\parameters\IPAdapterAdvanced\weight\5_0\maria_montessori_retrato_00001_.png;generated
parameters;IPAdapterAdvanced;weight;5_0;marie_curie;C:\Users\tonir\TFG\outputs_refacer\parameters\IPAdapterAdvanced\weight\5_0\marie_curie_retrato_00001_.png;generated
parameters;IPAdapterAdvanced;weight;5_0;marilyn_monroe;C:\Users\tonir\TFG\outputs_refacer\parameters\IPAdapterAdvanced\weight\5_0\marilyn_monroe_retrato_00001_.png;generated
parameters;IPAdapterAdvanced;weight;5_0;maya_angelou;C:\Users\tonir\TFG\outputs_refacer\parameters\IPAdapterAdvanced\weight\5_0\maya_angelou_retrato_00001_.png;generated
parameters;IPAdapterAdvanced;weight;5_0;messi;C:\Users\tonir\TFG\outputs_refacer\parameters\IPAdapterAdvanced\weight\5_0\messi_retrato_00001_.png;generated
parameters;IPAdapterAdvanced;weight;5_0;michelle_obama;C:\Users\tonir\TFG\outputs_refacer\parameters\IPAdapterAdvanced\weight\5_0\michelle_obama_retrato_00001_.png;generated
parameters;IPAdapterAdvanced;weight;5_0;morgan_freeman;C:\Users\tonir\TFG\outputs_refacer\parameters\IPAdapterAdvanced\weight\5_0\morgan_freeman_retrato_00001_.png;generated
parameters;IPAdapterAdvanced;weight;5_0;mrbean;C:\Users\tonir\TFG\outputs_refacer\parameters\IPAdapterAdvanced\weight\5_0\mrbean_retrato_00001_.png;generated
parameters;IPAdapterAdvanced;weight;5_0;nikola_tesla;C:\Users\tonir\TFG\outputs_refacer\parameters\IPAdapterAdvanced\weight\5_0\nikola_tesla_retrato_00001_.png;generated
parameters;IPAdapterAdvanced;weight;5_0;rafa_nadal;C:\Users\tonir\TFG\outputs_refacer\parameters\IPAdapterAdvanced\weight\5_0\rafa_nadal_retrato_00001_.png;generated
parameters;IPAdapterAdvanced;weight;5_0;reina_elizabeth;C:\Users\tonir\TFG\outputs_refacer\parameters\IPAdapterAdvanced\weight\5_0\reina_elizabeth_retrato_00001_.png;generated
parameters;IPAdapterAdvanced;weight;5_0;rey_felipe;C:\Users\tonir\TFG\outputs_refacer\parameters\IPAdapterAdvanced\weight\5_0\rey_felipe_retrato_00001_.png;generated
parameters;IPAdapterAdvanced;weight;5_0;sylvester_stallone;C:\Users\tonir\TFG\outputs_refacer\parameters\IPAdapterAdvanced\weight\5_0\sylvester_stallone_retrato_00001_.png;generated
parameters;IPAdapterAdvanced;weight;5_0;yayoi_kusama;C:\Users\tonir\TFG\outputs_refacer\parameters\IPAdapterAdvanced\weight\5_0\yayoi_kusama_retrato_00001_.png;generated
parameters;KSamplerAdvanced;cfg;100;agatha_christie;C:\Users\tonir\TFG\outputs_refacer\parameters\KSamplerAdvanced\cfg\100\agatha_christie_retrato_00001_.png;generated
parameters;KSamplerAdvanced;cfg;100;alan_turing;C:\Users\tonir\TFG\outputs_refacer\parameters\KSamplerAdvanced\cfg\100\alan_turing_retrato_00001_.png;generated
parameters;KSamplerAdvanced;cfg;100;albert_einstein;C:\Users\tonir\TFG\outputs_refacer\parameters\KSamplerAdvanced\cfg\100\albert_einstein_retrato_00001_.png;generated
parameters;KSamplerAdvanced;cfg;100;alexia_putellas;C:\Users\tonir\TFG\outputs_refacer\parameters\KSamplerAdvanced\cfg\100\alexia_putellas_retrato_00001_.png;generated
parameters;KSamplerAdvanced;cfg;100;charles_dickens;C:\Users\tonir\TFG\outputs_refacer\parameters\KSamplerAdvanced\cfg\100\charles_dickens_retrato_00001_.png;generated
parameters;KSamplerAdvanced;cfg;100;cristiano;C:\Users\tonir\TFG\outputs_refacer\parameters\KSamplerAdvanced\cfg\100\cristiano_retrato_00001_.png;generated
parameters;KSamplerAdvanced;cfg;100;dolly_parton;C:\Users\tonir\TFG\outputs_refacer\parameters\KSamplerAdvanced\cfg\100\dolly_parton_retrato_00001_.png;generated
parameters;KSamplerAdvanced;cfg;100;freddie_mercury;C:\Users\tonir\TFG\outputs_refacer\parameters\KSamplerAdvanced\cfg\100\freddie_mercury_retrato_00001_.png;generated
parameters;KSamplerAdvanced;cfg;100;grace_kelly;C:\Users\tonir\TFG\outputs_refacer\parameters\KSamplerAdvanced\cfg\100\grace_kelly_retrato_00001_.png;generated
parameters;KSamplerAdvanced;cfg;100;jackie_chan;C:\Users\tonir\TFG\outputs_refacer\parameters\KSamplerAdvanced\cfg\100\jackie_chan_retrato_00001_.png;generated
parameters;KSamplerAdvanced;cfg;100;jane_goodall;C:\Users\tonir\TFG\outputs_refacer\parameters\KSamplerAdvanced\cfg\100\jane_goodall_retrato_00001_.png;generated
parameters;KSamplerAdvanced;cfg;100;jrr_tolkien;C:\Users\tonir\TFG\outputs_refacer\parameters\KSamplerAdvanced\cfg\100\jrr_tolkien_retrato_00001_.png;generated
parameters;KSamplerAdvanced;cfg;100;katherine_johnson;C:\Users\tonir\TFG\outputs_refacer\parameters\KSamplerAdvanced\cfg\100\katherine_johnson_retrato_00001_.png;generated
parameters;KSamplerAdvanced;cfg;100;lady_gaga;C:\Users\tonir\TFG\outputs_refacer\parameters\KSamplerAdvanced\cfg\100\lady_gaga_retrato_00001_.png;generated
parameters;KSamplerAdvanced;cfg;100;lebron_james;C:\Users\tonir\TFG\outputs_refacer\parameters\KSamplerAdvanced\cfg\100\lebron_james_retrato_00001_.png;generated
parameters;KSamplerAdvanced;cfg;100;mae_jeminson;C:\Users\tonir\TFG\outputs_refacer\parameters\KSamplerAdvanced\cfg\100\mae_jeminson_retrato_00001_.png;generated
parameters;KSamplerAdvanced;cfg;100;maria_montessori;C:\Users\tonir\TFG\outputs_refacer\parameters\KSamplerAdvanced\cfg\100\maria_montessori_retrato_00001_.png;generated
parameters;KSamplerAdvanced;cfg;100;marie_curie;C:\Users\tonir\TFG\outputs_refacer\parameters\KSamplerAdvanced\cfg\100\marie_curie_retrato_00001_.png;generated
parameters;KSamplerAdvanced;cfg;100;marilyn_monroe;C:\Users\tonir\TFG\outputs_refacer\parameters\KSamplerAdvanced\cfg\100\marilyn_monroe_retrato_00001_.png;generated
parameters;KSamplerAdvanced;cfg;100;maya_angelou;C:\Users\tonir\TFG\outputs_refacer\parameters\KSamplerAdvanced\cfg\100\maya_angelou_retrato_00001_.png;generated
parameters;KSamplerAdvanced;cfg;100;messi;C:\Users\tonir\TFG\outputs_refacer\parameters\KSamplerAdvanced\cfg\100\messi_retrato_00001_.png;generated
parameters;KSamplerAdvanced;cfg;100;michelle_obama;C:\Users\tonir\TFG\outputs_refacer\parameters\KSamplerAdvanced\cfg\100\michelle_obama_retrato_00001_.png;generated
parameters;KSamplerAdvanced;cfg;100;morgan_freeman;C:\Users\tonir\TFG\outputs_refacer\parameters\KSamplerAdvanced\cfg\100\morgan_freeman_retrato_00001_.png;generated
parameters;KSamplerAdvanced;cfg;100;mrbean;C:\Users\tonir\TFG\outputs_refacer\parameters\KSamplerAdvanced\cfg\100\mrbean_retrato_00001_.png;generated
parameters;KSamplerAdvanced;cfg;100;nikola_tesla;C:\Users\tonir\TFG\outputs_refacer\parameters\KSamplerAdvanced\cfg\100\nikola_tesla_retrato_00001_.png;generated
parameters;KSamplerAdvanced;cfg;100;rafa_nadal;C:\Users\tonir\TFG\outputs_refacer\parameters\KSamplerAdvanced\cfg\100\rafa_nadal_retrato_00001_.png;generated
parameters;KSamplerAdvanced;cfg;100;reina_elizabeth;C:\Users\tonir\TFG\outputs_refacer\parameters\KSamplerAdvanced\cfg\100\reina_elizabeth_retrato_00001_.png;generated
parameters;KSamplerAdvanced;cfg;100;rey_felipe;C:\Users\tonir\TFG\outputs_refacer\parameters\KSamplerAdvanced\cfg\100\rey_felipe_retrato_00001_.png;generated
parameters;KSamplerAdvanced;cfg;100;sylvester_stallone;C:\Users\tonir\TFG\outputs_refacer\parameters\KSamplerAdvanced\cfg\100\sylvester_stallone_retrato_00001_.png;generated
parameters;KSamplerAdvanced;cfg;100;yayoi_kusama;C:\Users\tonir\TFG\outputs_refacer\parameters\KSamplerAdvanced\cfg\100\yayoi_kusama_retrato_00001_.png;generated
parameters;KSamplerAdvanced;cfg;13;rafa_nadal;C:\Users\tonir\TFG\outputs_refacer\parameters\KSamplerAdvanced\cfg\13\rafa_nadal_retrato_00001_.png;generated
parameters;KSamplerAdvanced;cfg;14;rafa_nadal;C:\Users\tonir\TFG\outputs_refacer\parameters\KSamplerAdvanced\cfg\14\rafa_nadal_retrato_00001_.png;generated
parameters;KSamplerAdvanced;cfg;15;rafa_nadal;C:\Users\tonir\TFG\outputs_refacer\parameters\KSamplerAdvanced\cfg\15\rafa_nadal_retrato_00001_.png;generated
parameters;KSamplerAdvanced;cfg;20;agatha_christie;C:\Users\tonir\TFG\outputs_refacer\parameters\KSamplerAdvanced\cfg\20\agatha_christie_retrato_00001_.png;generated
parameters;KSamplerAdvanced;cfg;20;charles_dickens;C:\Users\tonir\TFG\outputs_refacer\parameters\KSamplerAdvanced\cfg\20\charles_dickens_retrato_00001_.png;generated
parameters;KSamplerAdvanced;cfg;20;cristiano;C:\Users\tonir\TFG\outputs_refacer\parameters\KSamplerAdvanced\cfg\20\cristiano_retrato_00001_.png;generated
parameters;KSamplerAdvanced;cfg;20;freddie_mercury;C:\Users\tonir\TFG\outputs_refacer\parameters\KSamplerAdvanced\cfg\20\freddie_mercury_retrato_00001_.png;generated
parameters;KSamplerAdvanced;cfg;20;jackie_chan;C:\Users\tonir\TFG\outputs_refacer\parameters\KSamplerAdvanced\cfg\20\jackie_chan_retrato_00001_.png;generated
parameters;KSamplerAdvanced;cfg;20;jane_goodall;C:\Users\tonir\TFG\outputs_refacer\parameters\KSamplerAdvanced\cfg\20\jane_goodall_retrato_00001_.png;generated
parameters;KSamplerAdvanced;cfg;20;lebron_james;C:\Users\tonir\TFG\outputs_refacer\parameters\KSamplerAdvanced\cfg\20\lebron_james_retrato_00001_.png;generated
parameters;KSamplerAdvanced;cfg;20;maria_montessori;C:\Users\tonir\TFG\outputs_refacer\parameters\KSamplerAdvanced\cfg\20\maria_montessori_retrato_00001_.png;generated
parameters;KSamplerAdvanced;cfg;20;messi;C:\Users\tonir\TFG\outputs_refacer\parameters\KSamplerAdvanced\cfg\20\messi_retrato_00001_.png;generated
parameters;KSamplerAdvanced;cfg;20;morgan_freeman;C:\Users\tonir\TFG\outputs_refacer\parameters\KSamplerAdvanced\cfg\20\morgan_freeman_retrato_00001_.png;generated
parameters;KSamplerAdvanced;cfg;20;mrbean;C:\Users\tonir\TFG\outputs_refacer\parameters\KSamplerAdvanced\cfg\20\mrbean_retrato_00001_.png;generated
parameters;KSamplerAdvanced;cfg;20;nikola_tesla;C:\Users\tonir\TFG\outputs_refacer\parameters\KSamplerAdvanced\cfg\20\nikola_tesla_retrato_00001_.png;generated
parameters;KSamplerAdvanced;cfg;20;rafa_nadal;C:\Users\tonir\TFG\outputs_refacer\parameters\KSamplerAdvanced\cfg\20\rafa_nadal_retrato_00001_.png;generated
parameters;KSamplerAdvanced;cfg;20;reina_elizabeth;C:\Users\tonir\TFG\outputs_refacer\parameters\KSamplerAdvanced\cfg\20\reina_elizabeth_retrato_00001_.png;generated
parameters;KSamplerAdvanced;cfg;30;agatha_christie;C:\Users\tonir\TFG\outputs_refacer\parameters\KSamplerAdvanced\cfg\30\agatha_christie_retrato_00001_.png;generated
parameters;KSamplerAdvanced;cfg;30;albert_einstein;C:\Users\tonir\TFG\outputs_refacer\parameters\KSamplerAdvanced\cfg\30\albert_einstein_retrato_00001_.png;generated
parameters;KSamplerAdvanced;cfg;30;charles_dickens;C:\Users\tonir\TFG\outputs_refacer\parameters\KSamplerAdvanced\cfg\30\charles_dickens_retrato_00001_.png;generated
parameters;KSamplerAdvanced;cfg;30;cristiano;C:\Users\tonir\TFG\outputs_refacer\parameters\KSamplerAdvanced\cfg\30\cristiano_retrato_00001_.png;generated
parameters;KSamplerAdvanced;cfg;30;dolly_parton;C:\Users\tonir\TFG\outputs_refacer\parameters\KSamplerAdvanced\cfg\30\dolly_parton_retrato_00001_.png;generated
parameters;KSamplerAdvanced;cfg;30;freddie_mercury;C:\Users\tonir\TFG\outputs_refacer\parameters\KSamplerAdvanced\cfg\30\freddie_mercury_retrato_00001_.png;generated
parameters;KSamplerAdvanced;cfg;30;grace_kelly;C:\Users\tonir\TFG\outputs_refacer\parameters\KSamplerAdvanced\cfg\30\grace_kelly_retrato_00001_.png;generated
parameters;KSamplerAdvanced;cfg;30;jackie_chan;C:\Users\tonir\TFG\outputs_refacer\parameters\KSamplerAdvanced\cfg\30\jackie_chan_retrato_00001_.png;generated
parameters;KSamplerAdvanced;cfg;30;jane_goodall;C:\Users\tonir\TFG\outputs_refacer\parameters\KSamplerAdvanced\cfg\30\jane_goodall_retrato_00001_.png;generated
parameters;KSamplerAdvanced;cfg;30;jrr_tolkien;C:\Users\tonir\TFG\outputs_refacer\parameters\KSamplerAdvanced\cfg\30\jrr_tolkien_retrato_00001_.png;generated
parameters;KSamplerAdvanced;cfg;30;lady_gaga;C:\Users\tonir\TFG\outputs_refacer\parameters\KSamplerAdvanced\cfg\30\lady_gaga_retrato_00001_.png;generated
parameters;KSamplerAdvanced;cfg;30;lebron_james;C:\Users\tonir\TFG\outputs_refacer\parameters\KSamplerAdvanced\cfg\30\lebron_james_retrato_00001_.png;generated
parameters;KSamplerAdvanced;cfg;30;mae_jeminson;C:\Users\tonir\TFG\outputs_refacer\parameters\KSamplerAdvanced\cfg\30\mae_jeminson_retrato_00001_.png;generated
parameters;KSamplerAdvanced;cfg;30;messi;C:\Users\tonir\TFG\outputs_refacer\parameters\KSamplerAdvanced\cfg\30\messi_retrato_00001_.png;generated
parameters;KSamplerAdvanced;cfg;30;michelle_obama;C:\Users\tonir\TFG\outputs_refacer\parameters\KSamplerAdvanced\cfg\30\michelle_obama_retrato_00001_.png;generated
parameters;KSamplerAdvanced;cfg;30;nikola_tesla;C:\Users\tonir\TFG\outputs_refacer\parameters\KSamplerAdvanced\cfg\30\nikola_tesla_retrato_00001_.png;generated
parameters;KSamplerAdvanced;cfg;30;rafa_nadal;C:\Users\tonir\TFG\outputs_refacer\parameters\KSamplerAdvanced\cfg\30\rafa_nadal_retrato_00001_.png;generated
parameters;KSamplerAdvanced;cfg;30;sylvester_stallone;C:\Users\tonir\TFG\outputs_refacer\parameters\KSamplerAdvanced\cfg\30\sylvester_stallone_retrato_00001_.png;generated
parameters;KSamplerAdvanced;cfg;30;yayoi_kusama;C:\Users\tonir\TFG\outputs_refacer\parameters\KSamplerAdvanced\cfg\30\yayoi_kusama_retrato_00001_.png;generated
parameters;KSamplerAdvanced;cfg;40;agatha_christie;C:\Users\tonir\TFG\outputs_refacer\parameters\KSamplerAdvanced\cfg\40\agatha_christie_retrato_00001_.png;generated
parameters;KSamplerAdvanced;cfg;40;albert_einstein;C:\Users\tonir\TFG\outputs_refacer\parameters\KSamplerAdvanced\cfg\40\albert_einstein_retrato_00001_.png;generated
parameters;KSamplerAdvanced;cfg;40;alexia_putellas;C:\Users\tonir\TFG\outputs_refacer\parameters\KSamplerAdvanced\cfg\40\alexia_putellas_retrato_00001_.png;generated
parameters;KSamplerAdvanced;cfg;40;charles_dickens;C:\Users\tonir\TFG\outputs_refacer\parameters\KSamplerAdvanced\cfg\40\charles_dickens_retrato_00001_.png;generated
parameters;KSamplerAdvanced;cfg;40;cristiano;C:\Users\tonir\TFG\outputs_refacer\parameters\KSamplerAdvanced\cfg\40\cristiano_retrato_00001_.png;generated
parameters;KSamplerAdvanced;cfg;40;freddie_mercury;C:\Users\tonir\TFG\outputs_refacer\parameters\KSamplerAdvanced\cfg\40\freddie_mercury_retrato_00001_.png;generated
parameters;KSamplerAdvanced;cfg;40;grace_kelly;C:\Users\tonir\TFG\outputs_refacer\parameters\KSamplerAdvanced\cfg\40\grace_kelly_retrato_00001_.png;generated
parameters;KSamplerAdvanced;cfg;40;jackie_chan;C:\Users\tonir\TFG\outputs_refacer\parameters\KSamplerAdvanced\cfg\40\jackie_chan_retrato_00001_.png;generated
parameters;KSamplerAdvanced;cfg;40;jane_goodall;C:\Users\tonir\TFG\outputs_refacer\parameters\KSamplerAdvanced\cfg\40\jane_goodall_retrato_00001_.png;generated
parameters;KSamplerAdvanced;cfg;40;jrr_tolkien;C:\Users\tonir\TFG\outputs_refacer\parameters\KSamplerAdvanced\cfg\40\jrr_tolkien_retrato_00001_.png;generated
parameters;KSamplerAdvanced;cfg;40;katherine_johnson;C:\Users\tonir\TFG\outputs_refacer\parameters\KSamplerAdvanced\cfg\40\katherine_johnson_retrato_00001_.png;generated
parameters;KSamplerAdvanced;cfg;40;lady_gaga;C:\Users\tonir\TFG\outputs_refacer\parameters\KSamplerAdvanced\cfg\40\lady_gaga_retrato_00001_.png;generated
parameters;KSamplerAdvanced;cfg;40;lebron_james;C:\Users\tonir\TFG\outputs_refacer\parameters\KSamplerAdvanced\cfg\40\lebron_james_retrato_00001_.png;generated
parameters;KSamplerAdvanced;cfg;40;mae_jeminson;C:\Users\tonir\TFG\outputs_refacer\parameters\KSamplerAdvanced\cfg\40\mae_jeminson_retrato_00001_.png;generated
parameters;KSamplerAdvanced;cfg;40;maria_montessori;C:\Users\tonir\TFG\outputs_refacer\parameters\KSamplerAdvanced\cfg\40\maria_montessori_retrato_00001_.png;generated
parameters;KSamplerAdvanced;cfg;40;marie_curie;C:\Users\tonir\TFG\outputs_refacer\parameters\KSamplerAdvanced\cfg\40\marie_curie_retrato_00001_.png;generated
parameters;KSamplerAdvanced;cfg;40;marilyn_monroe;C:\Users\tonir\TFG\outputs_refacer\parameters\KSamplerAdvanced\cfg\40\marilyn_monroe_retrato_00001_.png;generated
parameters;KSamplerAdvanced;cfg;40;maya_angelou;C:\Users\tonir\TFG\outputs_refacer\parameters\KSamplerAdvanced\cfg\40\maya_angelou_retrato_00001_.png;generated
parameters;KSamplerAdvanced;cfg;40;messi;C:\Users\tonir\TFG\outputs_refacer\parameters\KSamplerAdvanced\cfg\40\messi_retrato_00001_.png;generated
parameters;KSamplerAdvanced;cfg;40;michelle_obama;C:\Users\tonir\TFG\outputs_refacer\parameters\KSamplerAdvanced\cfg\40\michelle_obama_retrato_00001_.png;generated
parameters;KSamplerAdvanced;cfg;40;mrbean;C:\Users\tonir\TFG\outputs_refacer\parameters\KSamplerAdvanced\cfg\40\mrbean_retrato_00001_.png;generated
parameters;KSamplerAdvanced;cfg;40;nikola_tesla;C:\Users\tonir\TFG\outputs_refacer\parameters\KSamplerAdvanced\cfg\40\nikola_tesla_retrato_00001_.png;generated
parameters;KSamplerAdvanced;cfg;40;rafa_nadal;C:\Users\tonir\TFG\outputs_refacer\parameters\KSamplerAdvanced\cfg\40\rafa_nadal_retrato_00001_.png;generated
parameters;KSamplerAdvanced;cfg;40;reina_elizabeth;C:\Users\tonir\TFG\outputs_refacer\parameters\KSamplerAdvanced\cfg\40\reina_elizabeth_retrato_00001_.png;generated
parameters;KSamplerAdvanced;cfg;40;rey_felipe;C:\Users\tonir\TFG\outputs_refacer\parameters\KSamplerAdvanced\cfg\40\rey_felipe_retrato_00001_.png;generated
parameters;KSamplerAdvanced;cfg;40;sylvester_stallone;C:\Users\tonir\TFG\outputs_refacer\parameters\KSamplerAdvanced\cfg\40\sylvester_stallone_retrato_00001_.png;generated
parameters;KSamplerAdvanced;cfg;40;yayoi_kusama;C:\Users\tonir\TFG\outputs_refacer\parameters\KSamplerAdvanced\cfg\40\yayoi_kusama_retrato_00001_.png;generated
parameters;KSamplerAdvanced;cfg;50;agatha_christie;C:\Users\tonir\TFG\outputs_refacer\parameters\KSamplerAdvanced\cfg\50\agatha_christie_retrato_00001_.png;generated
parameters;KSamplerAdvanced;cfg;50;alan_turing;C:\Users\tonir\TFG\outputs_refacer\parameters\KSamplerAdvanced\cfg\50\alan_turing_retrato_00001_.png;generated
parameters;KSamplerAdvanced;cfg;50;albert_einstein;C:\Users\tonir\TFG\outputs_refacer\parameters\KSamplerAdvanced\cfg\50\albert_einstein_retrato_00001_.png;generated
parameters;KSamplerAdvanced;cfg;50;alexia_putellas;C:\Users\tonir\TFG\outputs_refacer\parameters\KSamplerAdvanced\cfg\50\alexia_putellas_retrato_00001_.png;generated
parameters;KSamplerAdvanced;cfg;50;charles_dickens;C:\Users\tonir\TFG\outputs_refacer\parameters\KSamplerAdvanced\cfg\50\charles_dickens_retrato_00001_.png;generated
parameters;KSamplerAdvanced;cfg;50;cristiano;C:\Users\tonir\TFG\outputs_refacer\parameters\KSamplerAdvanced\cfg\50\cristiano_retrato_00001_.png;generated
parameters;KSamplerAdvanced;cfg;50;dolly_parton;C:\Users\tonir\TFG\outputs_refacer\parameters\KSamplerAdvanced\cfg\50\dolly_parton_retrato_00001_.png;generated
parameters;KSamplerAdvanced;cfg;50;freddie_mercury;C:\Users\tonir\TFG\outputs_refacer\parameters\KSamplerAdvanced\cfg\50\freddie_mercury_retrato_00001_.png;generated
parameters;KSamplerAdvanced;cfg;50;grace_kelly;C:\Users\tonir\TFG\outputs_refacer\parameters\KSamplerAdvanced\cfg\50\grace_kelly_retrato_00001_.png;generated
parameters;KSamplerAdvanced;cfg;50;jackie_chan;C:\Users\tonir\TFG\outputs_refacer\parameters\KSamplerAdvanced\cfg\50\jackie_chan_retrato_00001_.png;generated
parameters;KSamplerAdvanced;cfg;50;jane_goodall;C:\Users\tonir\TFG\outputs_refacer\parameters\KSamplerAdvanced\cfg\50\jane_goodall_retrato_00001_.png;generated
parameters;KSamplerAdvanced;cfg;50;jrr_tolkien;C:\Users\tonir\TFG\outputs_refacer\parameters\KSamplerAdvanced\cfg\50\jrr_tolkien_retrato_00001_.png;generated
parameters;KSamplerAdvanced;cfg;50;katherine_johnson;C:\Users\tonir\TFG\outputs_refacer\parameters\KSamplerAdvanced\cfg\50\katherine_johnson_retrato_00001_.png;generated
parameters;KSamplerAdvanced;cfg;50;lady_gaga;C:\Users\tonir\TFG\outputs_refacer\parameters\KSamplerAdvanced\cfg\50\lady_gaga_retrato_00001_.png;generated
parameters;KSamplerAdvanced;cfg;50;lebron_james;C:\Users\tonir\TFG\outputs_refacer\parameters\KSamplerAdvanced\cfg\50\lebron_james_retrato_00001_.png;generated
parameters;KSamplerAdvanced;cfg;50;mae_jeminson;C:\Users\tonir\TFG\outputs_refacer\parameters\KSamplerAdvanced\cfg\50\mae_jeminson_retrato_00001_.png;generated
parameters;KSamplerAdvanced;cfg;50;maria_montessori;C:\Users\tonir\TFG\outputs_refacer\parameters\KSamplerAdvanced\cfg\50\maria_montessori_retrato_00001_.png;generated
parameters;KSamplerAdvanced;cfg;50;marie_curie;C:\Users\tonir\TFG\outputs_refacer\parameters\KSamplerAdvanced\cfg\50\marie_curie_retrato_00001_.png;generated
parameters;KSamplerAdvanced;cfg;50;marilyn_monroe;C:\Users\tonir\TFG\outputs_refacer\parameters\KSamplerAdvanced\cfg\50\marilyn_monroe_retrato_00001_.png;generated
parameters;KSamplerAdvanced;cfg;50;maya_angelou;C:\Users\tonir\TFG\outputs_refacer\parameters\KSamplerAdvanced\cfg\50\maya_angelou_retrato_00001_.png;generated
parameters;KSamplerAdvanced;cfg;50;messi;C:\Users\tonir\TFG\outputs_refacer\parameters\KSamplerAdvanced\cfg\50\messi_retrato_00001_.png;generated
parameters;KSamplerAdvanced;cfg;50;michelle_obama;C:\Users\tonir\TFG\outputs_refacer\parameters\KSamplerAdvanced\cfg\50\michelle_obama_retrato_00001_.png;generated
parameters;KSamplerAdvanced;cfg;50;mrbean;C:\Users\tonir\TFG\outputs_refacer\parameters\KSamplerAdvanced\cfg\50\mrbean_retrato_00001_.png;generated
parameters;KSamplerAdvanced;cfg;50;nikola_tesla;C:\Users\tonir\TFG\outputs_refacer\parameters\KSamplerAdvanced\cfg\50\nikola_tesla_retrato_00001_.png;generated
parameters;KSamplerAdvanced;cfg;50;rafa_nadal;C:\Users\tonir\TFG\outputs_refacer\parameters\KSamplerAdvanced\cfg\50\rafa_nadal_retrato_00001_.png;generated
parameters;KSamplerAdvanced;cfg;50;reina_elizabeth;C:\Users\tonir\TFG\outputs_refacer\parameters\KSamplerAdvanced\cfg\50\reina_elizabeth_retrato_00001_.png;generated
parameters;KSamplerAdvanced;cfg;50;rey_felipe;C:\Users\tonir\TFG\outputs_refacer\parameters\KSamplerAdvanced\cfg\50\rey_felipe_retrato_00001_.png;generated
parameters;KSamplerAdvanced;cfg;50;sylvester_stallone;C:\Users\tonir\TFG\outputs_refacer\parameters\KSamplerAdvanced\cfg\50\sylvester_stallone_retrato_00001_.png;generated
parameters;KSamplerAdvanced;cfg;50;yayoi_kusama;C:\Users\tonir\TFG\outputs_refacer\parameters\KSamplerAdvanced\cfg\50\yayoi_kusama_retrato_00001_.png;generated
parameters;KSamplerAdvanced;noise_seed;11;jane_goodall;C:\Users\tonir\TFG\outputs_refacer\parameters\KSamplerAdvanced\noise_seed\11\jane_goodall_retrato_00001_.png;generated
parameters;KSamplerAdvanced;noise_seed;11;mae_jeminson;C:\Users\tonir\TFG\outputs_refacer\parameters\KSamplerAdvanced\noise_seed\11\mae_jeminson_retrato_00001_.png;generated
parameters;KSamplerAdvanced;noise_seed;11;mrbean;C:\Users\tonir\TFG\outputs_refacer\parameters\KSamplerAdvanced\noise_seed\11\mrbean_retrato_00001_.png;generated
parameters;KSamplerAdvanced;steps;1;agatha_christie;C:\Users\tonir\TFG\outputs_refacer\parameters\KSamplerAdvanced\steps\1\agatha_christie_retrato_00001_.png;generated
parameters;KSamplerAdvanced;steps;1;alan_turing;C:\Users\tonir\TFG\outputs_refacer\parameters\KSamplerAdvanced\steps\1\alan_turing_retrato_00001_.png;generated
parameters;KSamplerAdvanced;steps;1;albert_einstein;C:\Users\tonir\TFG\outputs_refacer\parameters\KSamplerAdvanced\steps\1\albert_einstein_retrato_00001_.png;generated
parameters;KSamplerAdvanced;steps;1;alexia_putellas;C:\Users\tonir\TFG\outputs_refacer\parameters\KSamplerAdvanced\steps\1\alexia_putellas_retrato_00001_.png;generated
parameters;KSamplerAdvanced;steps;1;charles_dickens;C:\Users\tonir\TFG\outputs_refacer\parameters\KSamplerAdvanced\steps\1\charles_dickens_retrato_00001_.png;generated
parameters;KSamplerAdvanced;steps;1;cristiano;C:\Users\tonir\TFG\outputs_refacer\parameters\KSamplerAdvanced\steps\1\cristiano_retrato_00001_.png;generated
parameters;KSamplerAdvanced;steps;1;dolly_parton;C:\Users\tonir\TFG\outputs_refacer\parameters\KSamplerAdvanced\steps\1\dolly_parton_retrato_00001_.png;generated
parameters;KSamplerAdvanced;steps;1;freddie_mercury;C:\Users\tonir\TFG\outputs_refacer\parameters\KSamplerAdvanced\steps\1\freddie_mercury_retrato_00001_.png;generated
parameters;KSamplerAdvanced;steps;1;grace_kelly;C:\Users\tonir\TFG\outputs_refacer\parameters\KSamplerAdvanced\steps\1\grace_kelly_retrato_00001_.png;generated
parameters;KSamplerAdvanced;steps;1;jackie_chan;C:\Users\tonir\TFG\outputs_refacer\parameters\KSamplerAdvanced\steps\1\jackie_chan_retrato_00001_.png;generated
parameters;KSamplerAdvanced;steps;1;jane_goodall;C:\Users\tonir\TFG\outputs_refacer\parameters\KSamplerAdvanced\steps\1\jane_goodall_retrato_00001_.png;generated
parameters;KSamplerAdvanced;steps;1;jrr_tolkien;C:\Users\tonir\TFG\outputs_refacer\parameters\KSamplerAdvanced\steps\1\jrr_tolkien_retrato_00001_.png;generated
parameters;KSamplerAdvanced;steps;1;katherine_johnson;C:\Users\tonir\TFG\outputs_refacer\parameters\KSamplerAdvanced\steps\1\katherine_johnson_retrato_00001_.png;generated
parameters;KSamplerAdvanced;steps;1;lady_gaga;C:\Users\tonir\TFG\outputs_refacer\parameters\KSamplerAdvanced\steps\1\lady_gaga_retrato_00001_.png;generated
parameters;KSamplerAdvanced;steps;1;lebron_james;C:\Users\tonir\TFG\outputs_refacer\parameters\KSamplerAdvanced\steps\1\lebron_james_retrato_00001_.png;generated
parameters;KSamplerAdvanced;steps;1;mae_jeminson;C:\Users\tonir\TFG\outputs_refacer\parameters\KSamplerAdvanced\steps\1\mae_jeminson_retrato_00001_.png;generated
parameters;KSamplerAdvanced;steps;1;maria_montessori;C:\Users\tonir\TFG\outputs_refacer\parameters\KSamplerAdvanced\steps\1\maria_montessori_retrato_00001_.png;generated
parameters;KSamplerAdvanced;steps;1;marie_curie;C:\Users\tonir\TFG\outputs_refacer\parameters\KSamplerAdvanced\steps\1\marie_curie_retrato_00001_.png;generated
parameters;KSamplerAdvanced;steps;1;marilyn_monroe;C:\Users\tonir\TFG\outputs_refacer\parameters\KSamplerAdvanced\steps\1\marilyn_monroe_retrato_00001_.png;generated
parameters;KSamplerAdvanced;steps;1;maya_angelou;C:\Users\tonir\TFG\outputs_refacer\parameters\KSamplerAdvanced\steps\1\maya_angelou_retrato_00001_.png;generated
parameters;KSamplerAdvanced;steps;1;messi;C:\Users\tonir\TFG\outputs_refacer\parameters\KSamplerAdvanced\steps\1\messi_retrato_00001_.png;generated
parameters;KSamplerAdvanced;steps;1;michelle_obama;C:\Users\tonir\TFG\outputs_refacer\parameters\KSamplerAdvanced\steps\1\michelle_obama_retrato_00001_.png;generated
parameters;KSamplerAdvanced;steps;1;morgan_freeman;C:\Users\tonir\TFG\outputs_refacer\parameters\KSamplerAdvanced\steps\1\morgan_freeman_retrato_00001_.png;generated
parameters;KSamplerAdvanced;steps;1;mrbean;C:\Users\tonir\TFG\outputs_refacer\parameters\KSamplerAdvanced\steps\1\mrbean_retrato_00001_.png;generated
parameters;KSamplerAdvanced;steps;1;rafa_nadal;C:\Users\tonir\TFG\outputs_refacer\parameters\KSamplerAdvanced\steps\1\rafa_nadal_retrato_00001_.png;generated
parameters;KSamplerAdvanced;steps;1;reina_elizabeth;C:\Users\tonir\TFG\outputs_refacer\parameters\KSamplerAdvanced\steps\1\reina_elizabeth_retrato_00001_.png;generated
parameters;KSamplerAdvanced;steps;1;rey_felipe;C:\Users\tonir\TFG\outputs_refacer\parameters\KSamplerAdvanced\steps\1\rey_felipe_retrato_00001_.png;generated
parameters;KSamplerAdvanced;steps;1;sylvester_stallone;C:\Users\tonir\TFG\outputs_refacer\parameters\KSamplerAdvanced\steps\1\sylvester_stallone_retrato_00001_.png;generated
parameters;KSamplerAdvanced;steps;1;yayoi_kusama;C:\Users\tonir\TFG\outputs_refacer\parameters\KSamplerAdvanced\steps\1\yayoi_kusama_retrato_00001_.png;generated
parameters;KSamplerAdvanced;steps;2;agatha_christie;C:\Users\tonir\TFG\outputs_refacer\parameters\KSamplerAdvanced\steps\2\agatha_christie_retrato_00001_.png;generated
parameters;KSamplerAdvanced;steps;2;alan_turing;C:\Users\tonir\TFG\outputs_refacer\parameters\KSamplerAdvanced\steps\2\alan_turing_retrato_00001_.png;generated
parameters;KSamplerAdvanced;steps;2;albert_einstein;C:\Users\tonir\TFG\outputs_refacer\parameters\KSamplerAdvanced\steps\2\albert_einstein_retrato_00001_.png;generated
parameters;KSamplerAdvanced;steps;2;alexia_putellas;C:\Users\tonir\TFG\outputs_refacer\parameters\KSamplerAdvanced\steps\2\alexia_putellas_retrato_00001_.png;generated
parameters;KSamplerAdvanced;steps;2;charles_dickens;C:\Users\tonir\TFG\outputs_refacer\parameters\KSamplerAdvanced\steps\2\charles_dickens_retrato_00001_.png;generated
parameters;KSamplerAdvanced;steps;2;cristiano;C:\Users\tonir\TFG\outputs_refacer\parameters\KSamplerAdvanced\steps\2\cristiano_retrato_00001_.png;generated
parameters;KSamplerAdvanced;steps;2;dolly_parton;C:\Users\tonir\TFG\outputs_refacer\parameters\KSamplerAdvanced\steps\2\dolly_parton_retrato_00001_.png;generated
parameters;KSamplerAdvanced;steps;2;freddie_mercury;C:\Users\tonir\TFG\outputs_refacer\parameters\KSamplerAdvanced\steps\2\freddie_mercury_retrato_00001_.png;generated
parameters;KSamplerAdvanced;steps;2;grace_kelly;C:\Users\tonir\TFG\outputs_refacer\parameters\KSamplerAdvanced\steps\2\grace_kelly_retrato_00001_.png;generated
parameters;KSamplerAdvanced;steps;2;jackie_chan;C:\Users\tonir\TFG\outputs_refacer\parameters\KSamplerAdvanced\steps\2\jackie_chan_retrato_00001_.png;generated
parameters;KSamplerAdvanced;steps;2;jane_goodall;C:\Users\tonir\TFG\outputs_refacer\parameters\KSamplerAdvanced\steps\2\jane_goodall_retrato_00001_.png;generated
parameters;KSamplerAdvanced;steps;2;jrr_tolkien;C:\Users\tonir\TFG\outputs_refacer\parameters\KSamplerAdvanced\steps\2\jrr_tolkien_retrato_00001_.png;generated
parameters;KSamplerAdvanced;steps;2;katherine_johnson;C:\Users\tonir\TFG\outputs_refacer\parameters\KSamplerAdvanced\steps\2\katherine_johnson_retrato_00001_.png;generated
parameters;KSamplerAdvanced;steps;2;lady_gaga;C:\Users\tonir\TFG\outputs_refacer\parameters\KSamplerAdvanced\steps\2\lady_gaga_retrato_00001_.png;generated
parameters;KSamplerAdvanced;steps;2;lebron_james;C:\Users\tonir\TFG\outputs_refacer\parameters\KSamplerAdvanced\steps\2\lebron_james_retrato_00001_.png;generated
parameters;KSamplerAdvanced;steps;2;mae_jeminson;C:\Users\tonir\TFG\outputs_refacer\parameters\KSamplerAdvanced\steps\2\mae_jeminson_retrato_00001_.png;generated
parameters;KSamplerAdvanced;steps;2;maria_montessori;C:\Users\tonir\TFG\outputs_refacer\parameters\KSamplerAdvanced\steps\2\maria_montessori_retrato_00001_.png;generated
parameters;KSamplerAdvanced;steps;2;marie_curie;C:\Users\tonir\TFG\outputs_refacer\parameters\KSamplerAdvanced\steps\2\marie_curie_retrato_00001_.png;generated
parameters;KSamplerAdvanced;steps;2;marilyn_monroe;C:\Users\tonir\TFG\outputs_refacer\parameters\KSamplerAdvanced\steps\2\marilyn_monroe_retrato_00001_.png;generated
parameters;KSamplerAdvanced;steps;2;maya_angelou;C:\Users\tonir\TFG\outputs_refacer\parameters\KSamplerAdvanced\steps\2\maya_angelou_retrato_00001_.png;generated
parameters;KSamplerAdvanced;steps;2;messi;C:\Users\tonir\TFG\outputs_refacer\parameters\KSamplerAdvanced\steps\2\messi_retrato_00001_.png;generated
parameters;KSamplerAdvanced;steps;2;michelle_obama;C:\Users\tonir\TFG\outputs_refacer\parameters\KSamplerAdvanced\steps\2\michelle_obama_retrato_00001_.png;generated
parameters;KSamplerAdvanced;steps;2;morgan_freeman;C:\Users\tonir\TFG\outputs_refacer\parameters\KSamplerAdvanced\steps\2\morgan_freeman_retrato_00001_.png;generated
parameters;KSamplerAdvanced;steps;2;mrbean;C:\Users\tonir\TFG\outputs_refacer\parameters\KSamplerAdvanced\steps\2\mrbean_retrato_00001_.png;generated
parameters;KSamplerAdvanced;steps;2;rafa_nadal;C:\Users\tonir\TFG\outputs_refacer\parameters\KSamplerAdvanced\steps\2\rafa_nadal_retrato_00001_.png;generated
parameters;KSamplerAdvanced;steps;2;reina_elizabeth;C:\Users\tonir\TFG\outputs_refacer\parameters\KSamplerAdvanced\steps\2\reina_elizabeth_retrato_00001_.png;generated
parameters;KSamplerAdvanced;steps;2;rey_felipe;C:\Users\tonir\TFG\outputs_refacer\parameters\KSamplerAdvanced\steps\2\rey_felipe_retrato_00001_.png;generated
parameters;KSamplerAdvanced;steps;2;sylvester_stallone;C:\Users\tonir\TFG\outputs_refacer\parameters\KSamplerAdvanced\steps\2\sylvester_stallone_retrato_00001_.png;generated
parameters;KSamplerAdvanced;steps;2;yayoi_kusama;C:\Users\tonir\TFG\outputs_refacer\parameters\KSamplerAdvanced\steps\2\yayoi_kusama_retrato_00001_.png;generated
parameters;KSamplerAdvanced;steps;3;alexia_putellas;C:\Users\tonir\TFG\outputs_refacer\parameters\KSamplerAdvanced\steps\3\alexia_putellas_retrato_00001_.png;generated
parameters;KSamplerAdvanced;steps;3;lady_gaga;C:\Users\tonir\TFG\outputs_refacer\parameters\KSamplerAdvanced\steps\3\lady_gaga_retrato_00001_.png;generated
parameters;PhotoMakerEncode;text;cinematic-film-quality-photorealism,-clear-photo,-amazing-textures,-sharp-focus,-high-contrast,-stunning-professionalism,;jane_goodall;C:\Users\tonir\TFG\outputs_refacer\parameters\PhotoMakerEncode\text\cinematic-film-quality-photorealism,-clear-photo,-amazing-textures,-sharp-focus,-high-contrast,-stunning-professionalism,\jane_goodall_retrato_00002_.png;generated
parameters;PhotoMakerEncode;text;cinematic-film-quality-photorealism,-clear-photo,-amazing-textures,-sharp-focus,-high-contrast,-stunning-professionalism,;mae_jeminson;C:\Users\tonir\TFG\outputs_refacer\parameters\PhotoMakerEncode\text\cinematic-film-quality-photorealism,-clear-photo,-amazing-textures,-sharp-focus,-high-contrast,-stunning-professionalism,\mae_jeminson_retrato_00001_.png;generated
parameters;PhotoMakerEncode;text;cinematic-film-quality-photorealism,-clear-photo,-amazing-textures,-sharp-focus,-high-contrast,-stunning-professionalism,;marilyn_monroe;C:\Users\tonir\TFG\outputs_refacer\parameters\PhotoMakerEncode\text\cinematic-film-quality-photorealism,-clear-photo,-amazing-textures,-sharp-focus,-high-contrast,-stunning-professionalism,\marilyn_monroe_retrato_00001_.png;generated
parameters;PhotoMakerEncode;text;cinematic-film-quality-photorealism,-clear-photo,-amazing-textures,-sharp-focus,-high-contrast,-stunning-professionalism,;maya_angelou;C:\Users\tonir\TFG\outputs_refacer\parameters\PhotoMakerEncode\text\cinematic-film-quality-photorealism,-clear-photo,-amazing-textures,-sharp-focus,-high-contrast,-stunning-professionalism,\maya_angelou_retrato_00001_.png;generated
parameters;PhotoMakerEncode;text;cinematic-film-quality-photorealism,-clear-photo,-amazing-textures,-sharp-focus,-high-contrast,-stunning-professionalism,;michelle_obama;C:\Users\tonir\TFG\outputs_refacer\parameters\PhotoMakerEncode\text\cinematic-film-quality-photorealism,-clear-photo,-amazing-textures,-sharp-focus,-high-contrast,-stunning-professionalism,\michelle_obama_retrato_00001_.png;generated
parameters;PhotoMakerEncode;text;cinematic-film-quality-photorealism,-clear-photo,-amazing-textures,-sharp-focus,-high-contrast,-stunning-professionalism,;reina_elizabeth;C:\Users\tonir\TFG\outputs_refacer\parameters\PhotoMakerEncode\text\cinematic-film-quality-photorealism,-clear-photo,-amazing-textures,-sharp-focus,-high-contrast,-stunning-professionalism,\reina_elizabeth_retrato_00001_.png;generated
parameters;PhotoMakerEncode;text;cinematic-film-quality-photorealism,-clear-photo,-amazing-textures,-sharp-focus,-high-contrast,-stunning-professionalism,;yayoi_kusama;C:\Users\tonir\TFG\outputs_refacer\parameters\PhotoMakerEncode\text\cinematic-film-quality-photorealism,-clear-photo,-amazing-textures,-sharp-focus,-high-contrast,-stunning-professionalism,\yayoi_kusama_retrato_00001_.png;generated
parameters;SDXLAspectRatioSelector;aspect_ratio;16x9;albert_einstein;C:\Users\tonir\TFG\outputs_refacer\parameters\SDXLAspectRatioSelector\aspect_ratio\16x9\albert_einstein_retrato_00001_.png;generated
parameters;SDXLAspectRatioSelector;aspect_ratio;16x9;jackie_chan;C:\Users\tonir\TFG\outputs_refacer\parameters\SDXLAspectRatioSelector\aspect_ratio\16x9\jackie_chan_retrato_00001_.png;generated
parameters;SDXLAspectRatioSelector;aspect_ratio;16x9;lady_gaga;C:\Users\tonir\TFG\outputs_refacer\parameters\SDXLAspectRatioSelector\aspect_ratio\16x9\lady_gaga_retrato_00001_.png;generated
parameters;SDXLAspectRatioSelector;aspect_ratio;16x9;messi;C:\Users\tonir\TFG\outputs_refacer\parameters\SDXLAspectRatioSelector\aspect_ratio\16x9\messi_retrato_00001_.png;generated
parameters;SDXLAspectRatioSelector;aspect_ratio;21x9;agatha_christie;C:\Users\tonir\TFG\outputs_refacer\parameters\SDXLAspectRatioSelector\aspect_ratio\21x9\agatha_christie_retrato_00001_.png;generated
parameters;SDXLAspectRatioSelector;aspect_ratio;21x9;alan_turing;C:\Users\tonir\TFG\outputs_refacer\parameters\SDXLAspectRatioSelector\aspect_ratio\21x9\alan_turing_retrato_00001_.png;generated
parameters;SDXLAspectRatioSelector;aspect_ratio;21x9;albert_einstein;C:\Users\tonir\TFG\outputs_refacer\parameters\SDXLAspectRatioSelector\aspect_ratio\21x9\albert_einstein_retrato_00001_.png;generated
parameters;SDXLAspectRatioSelector;aspect_ratio;21x9;alexia_putellas;C:\Users\tonir\TFG\outputs_refacer\parameters\SDXLAspectRatioSelector\aspect_ratio\21x9\alexia_putellas_retrato_00001_.png;generated
parameters;SDXLAspectRatioSelector;aspect_ratio;21x9;charles_dickens;C:\Users\tonir\TFG\outputs_refacer\parameters\SDXLAspectRatioSelector\aspect_ratio\21x9\charles_dickens_retrato_00001_.png;generated
parameters;SDXLAspectRatioSelector;aspect_ratio;21x9;cristiano;C:\Users\tonir\TFG\outputs_refacer\parameters\SDXLAspectRatioSelector\aspect_ratio\21x9\cristiano_retrato_00001_.png;generated
parameters;SDXLAspectRatioSelector;aspect_ratio;21x9;dolly_parton;C:\Users\tonir\TFG\outputs_refacer\parameters\SDXLAspectRatioSelector\aspect_ratio\21x9\dolly_parton_retrato_00001_.png;generated
parameters;SDXLAspectRatioSelector;aspect_ratio;21x9;freddie_mercury;C:\Users\tonir\TFG\outputs_refacer\parameters\SDXLAspectRatioSelector\aspect_ratio\21x9\freddie_mercury_retrato_00001_.png;generated
parameters;SDXLAspectRatioSelector;aspect_ratio;21x9;grace_kelly;C:\Users\tonir\TFG\outputs_refacer\parameters\SDXLAspectRatioSelector\aspect_ratio\21x9\grace_kelly_retrato_00001_.png;generated
parameters;SDXLAspectRatioSelector;aspect_ratio;21x9;jackie_chan;C:\Users\tonir\TFG\outputs_refacer\parameters\SDXLAspectRatioSelector\aspect_ratio\21x9\jackie_chan_retrato_00001_.png;generated
parameters;SDXLAspectRatioSelector;aspect_ratio;21x9;jrr_tolkien;C:\Users\tonir\TFG\outputs_refacer\parameters\SDXLAspectRatioSelector\aspect_ratio\21x9\jrr_tolkien_retrato_00001_.png;generated
parameters;SDXLAspectRatioSelector;aspect_ratio;21x9;katherine_johnson;C:\Users\tonir\TFG\outputs_refacer\parameters\SDXLAspectRatioSelector\aspect_ratio\21x9\katherine_johnson_retrato_00001_.png;generated
parameters;SDXLAspectRatioSelector;aspect_ratio;21x9;lady_gaga;C:\Users\tonir\TFG\outputs_refacer\parameters\SDXLAspectRatioSelector\aspect_ratio\21x9\lady_gaga_retrato_00001_.png;generated
parameters;SDXLAspectRatioSelector;aspect_ratio;21x9;lebron_james;C:\Users\tonir\TFG\outputs_refacer\parameters\SDXLAspectRatioSelector\aspect_ratio\21x9\lebron_james_retrato_00001_.png;generated
parameters;SDXLAspectRatioSelector;aspect_ratio;21x9;maria_montessori;C:\Users\tonir\TFG\outputs_refacer\parameters\SDXLAspectRatioSelector\aspect_ratio\21x9\maria_montessori_retrato_00001_.png;generated
parameters;SDXLAspectRatioSelector;aspect_ratio;21x9;marie_curie;C:\Users\tonir\TFG\outputs_refacer\parameters\SDXLAspectRatioSelector\aspect_ratio\21x9\marie_curie_retrato_00001_.png;generated
parameters;SDXLAspectRatioSelector;aspect_ratio;21x9;marilyn_monroe;C:\Users\tonir\TFG\outputs_refacer\parameters\SDXLAspectRatioSelector\aspect_ratio\21x9\marilyn_monroe_retrato_00001_.png;generated
parameters;SDXLAspectRatioSelector;aspect_ratio;21x9;maya_angelou;C:\Users\tonir\TFG\outputs_refacer\parameters\SDXLAspectRatioSelector\aspect_ratio\21x9\maya_angelou_retrato_00001_.png;generated
parameters;SDXLAspectRatioSelector;aspect_ratio;21x9;messi;C:\Users\tonir\TFG\outputs_refacer\parameters\SDXLAspectRatioSelector\aspect_ratio\21x9\messi_retrato_00001_.png;generated
parameters;SDXLAspectRatioSelector;aspect_ratio;21x9;michelle_obama;C:\Users\tonir\TFG\outputs_refacer\parameters\SDXLAspectRatioSelector\aspect_ratio\21x9\michelle_obama_retrato_00001_.png;generated
parameters;SDXLAspectRatioSelector;aspect_ratio;21x9;morgan_freeman;C:\Users\tonir\TFG\outputs_refacer\parameters\SDXLAspectRatioSelector\aspect_ratio\21x9\morgan_freeman_retrato_00001_.png;generated
parameters;SDXLAspectRatioSelector;aspect_ratio;21x9;rafa_nadal;C:\Users\tonir\TFG\outputs_refacer\parameters\SDXLAspectRatioSelector\aspect_ratio\21x9\rafa_nadal_retrato_00001_.png;generated
parameters;SDXLAspectRatioSelector;aspect_ratio;21x9;reina_elizabeth;C:\Users\tonir\TFG\outputs_refacer\parameters\SDXLAspectRatioSelector\aspect_ratio\21x9\reina_elizabeth_retrato_00001_.png;generated
parameters;SDXLAspectRatioSelector;aspect_ratio;21x9;rey_felipe;C:\Users\tonir\TFG\outputs_refacer\parameters\SDXLAspectRatioSelector\aspect_ratio\21x9\rey_felipe_retrato_00001_.png;generated
parameters;SDXLAspectRatioSelector;aspect_ratio;21x9;sylvester_stallone;C:\Users\tonir\TFG\outputs_refacer\parameters\SDXLAspectRatioSelector\aspect_ratio\21x9\sylvester_stallone_retrato_00001_.png;generated
parameters;SDXLAspectRatioSelector;aspect_ratio;21x9;yayoi_kusama;C:\Users\tonir\TFG\outputs_refacer\parameters\SDXLAspectRatioSelector\aspect_ratio\21x9\yayoi_kusama_retrato_00001_.png;generated
